Name,Ab or Nb,Binds to,Doesn't Bind to,Neutralising Vs,Not Neutralising Vs,Protein + Epitope,Origin,VH or VHH,VL,Heavy V Gene,Heavy J Gene,Light V Gene,Light J Gene,CDRH3,CDRL3,Structures,ABB Homology Model (if no structure),Sources,Date Added,Last Updated,Update Description,Notes/Following Up?,IC50_ngml
COV2-2068,Ab,SARS-CoV2,SARS-CoV1,SARS-CoV2,,S; RBD,B-cells; SARS-CoV2 Human Patient,EVQLVESGGGLVQPGGSLRLSCAASGFTVSSNYMSWVRQAPGKGLEWVSVIYPGGSAFYADSVKGRFTISRHNSNNTLCLQMNSLRTEDTAVYYCARSYDILTGYRDAFDIWGQGTMVTVSS,QSVLTQPPSVSGAPGQRVTISCTGSSSNIGSGSDVHWYQQLPGTAPKLLIYGNTNRPSGVPDRFSGSKSGTSASLAITGLQAEDEADYYCQSYDSRLSGFVVFGGGTKLTVL,IGHV3-53 (Human),IGHJ3 (Human),IGLV1-40 (Human),IGLJ2 (Human),ARSYDILTGYRDAFDI,QSYDSRLSGFVV,ND,Coronavirus%20Binding%20Antibody%20Sequences%20Structures%2093945098827a46a08ef3c666035b94de/COV2-2068_rank1_imgt_scheme.pdb,"Seth Zost et al., 2020 (https://www.nature.com/articles/s41591-020-0998-x)","Jul 12, 2020","Jul 12, 2020",,Complete,371.0
COV2-2113,Ab,SARS-CoV2,SARS-CoV1,SARS-CoV2,,S; RBD,B-cells; SARS-CoV2 Human Patient,EVQLVESGGGLIQPGGSLRLSCAASEVTVSSNYMSWVRQAPGKGLEWVSLIYSGGTTYYADSVKGRFTISRDNSKNTLYLQMNSLRAEDTAVYYCARDFLRWHDLWGQGTLVTVSS,DIQMTQSPSSLSASVGDRVTITCQASQDINNYLNWYQQKPGKAPKLLIYDASNLETGVPLRFSGSGSGTDFIFTISSLQPEDIATYYCQQYDNLPPVFGGGTKVEIK,IGHV3-53 (Human),IGHJ5 (Human),IGKV1-33 (Human),IGKJ4 (Human),ARDFLRWHDL,QQYDNLPPV,ND,Coronavirus%20Binding%20Antibody%20Sequences%20Structures%2093945098827a46a08ef3c666035b94de/COV2-2113_rank1_imgt_scheme.pdb,"Seth Zost et al., 2020 (https://www.nature.com/articles/s41591-020-0998-x)","Jul 12, 2020","Jul 12, 2020",,Complete,357.0
COV2-2813,Ab,SARS-CoV2,SARS-CoV1,SARS-CoV2,,S; RBD,B-cells; SARS-CoV2 Human Patient,EVQLVESGGGLIQPGGSLRLSCAASGITVSSNYMSWVRQAPGKGLEWVSVIYAGGSTYYADSVKGRFTISRDNSKNTLYLQMNSLRAEDTAVYYCARDALYYNGPGRDGMDVWGQGTTVTVSS,VIQMTQSPSSLSASVGDRVTITCQASQDINKYLNWYQQKPGKAPKLLIYDASNLETGVPSRFSGSGSGTDFTFTISSLQPEDIATYYCQQYDNLPRTFGQGTKLEIK,IGHV3-53 (Human),IGHJ6 (Human),IGKV1-33 (Human),IGKJ2 (Human),ARDALYYNGPGRDGMDV,QQYDNLPRT,ND,Coronavirus%20Binding%20Antibody%20Sequences%20Structures%2093945098827a46a08ef3c666035b94de/COV2-2813_rank1_imgt_scheme.pdb,"Seth Zost et al., 2020 (https://www.nature.com/articles/s41591-020-0998-x)","Jul 12, 2020","Jul 12, 2020",,Complete,337.0
COV2-2812,Ab,SARS-CoV2,SARS-CoV1,SARS-CoV2,,S; RBD,B-cells; SARS-CoV2 Human Patient,EVQLVESGGGLIQPGGSLRLSCAASGITVSSNYMSWVRQAPGKGLEWVSVIYAGGSTYYADSVKGRFTISRDNSKNTLYLQMNSLRAEDTAVYYCARDALYYNGPGRDGMDVWGQGTTVTVSS,VIQMTQSPSSLSASVGDRVTITCQASQDINKYLNWYQQKPGKAPKLLIYDASNLETGVPSRFSGSGSGTDFTFTISSLQPEDIATYYCQQYANLPFTFGPGTKVDIK,IGHV3-53 (Human),IGHJ6 (Human),IGKV1-33 (Human),IGKJ3 (Human),ARDALYYNGPGRDGMDV,QQYANLPFT,ND,Coronavirus%20Binding%20Antibody%20Sequences%20Structures%2093945098827a46a08ef3c666035b94de/COV2-2812_rank1_imgt_scheme.pdb,"Seth Zost et al., 2020 (https://www.nature.com/articles/s41591-020-0998-x)","Jul 12, 2020","Jul 12, 2020",,Complete,3018.0
COV2-2790,Ab,SARS-CoV2,SARS-CoV1,SARS-CoV2,,S; RBD,B-cells; SARS-CoV2 Human Patient,EVQLVESGGGLVQPGGSLRLSCAASGFTVSSNYMSWVRQAPGKGLEWVSVIYPGGSAFYADSVKGRFTISRHNSNNTLCLQMNSLRTEDTAVYYCARSYDILTGYRDAFDIWGQGTMVTVSS,QSVLTQPPSVSGAPGQRVTISCTGSSSNIGSGSDVHWYQQLPGTAPKLLIYGNTNRPSGVPDRFSGSKSGTSASLAITGLQAEDEADYYCQSYDSRLSGFVVFGGGTKLTVL,IGHV3-53 (Human),IGHJ3 (Human),IGLV1-40 (Human),IGLJ2 (Human),ARSYDILTGYRDAFDI,QSYDSRLSGFVV,ND,Coronavirus%20Binding%20Antibody%20Sequences%20Structures%2093945098827a46a08ef3c666035b94de/COV2-2790_rank1_imgt_scheme.pdb,"Seth Zost et al., 2020 (https://www.nature.com/articles/s41591-020-0998-x)","Jul 12, 2020","Jul 12, 2020",,Complete,336.0
COV2-2952,Ab,SARS-CoV2,SARS-CoV1,SARS-CoV2,,S; RBD,B-cells; SARS-CoV2 Human Patient,EVQLVESGGGLVQPGGSLRLSCAASGLTVRSNYMTWVRQTPGKGLEWVSVIYSGGSTFYADSVKGRFTISRDNSKNTVYLQMNSLRAEDTAVYYCARDLVTYGLDVWGQGTTVTVSS,DIQLTQSPSFLSASVGDRVTITCRASQGISNYLAWYQQKPGTAPNLLIYAASTLQSGVPSRFSGSGSGTEFTLTISSLQPEDFATYYCQLLNSHPLTFGQGTRLEIK,IGHV3-66 (Human),IGHJ6 (Human),IGKV1-9 (Human),IGKJ5 (Human),ARDLVTYGLDV,QLLNSHPLT,ND,Coronavirus%20Binding%20Antibody%20Sequences%20Structures%2093945098827a46a08ef3c666035b94de/COV2-2952_rank1_imgt_scheme.pdb,"Seth Zost et al., 2020 (https://www.nature.com/articles/s41591-020-0998-x)","Jul 12, 2020","Jul 12, 2020",,Complete,171.0
COV2-2752,Ab,SARS-CoV2,SARS-CoV1,SARS-CoV2,,S; RBD,B-cells; SARS-CoV2 Human Patient,EVQLVESGGGLIQPGGSLRLSCAASEVTVSSNYMSWVRQAPGKGLEWVSLIYSGGTTYYADSVKGRFTISRDNSKNTLYLQMNSLRAEDTAVYYCARDFLRWHDLWGQGTLVTVSS,DIQMTQSPSSLSASVGDRVTITCQASQDINNYLNWYQQKPGKAPKLLIYDASNLETGVPLRFSGSGSGTDFTFTISSLQPEDIATYYCQQYDNLPPVFGGGTKVEIK,IGHV3-53 (Human),IGHJ5 (Human),IGKV1-33 (Human),IGKJ4 (Human),ARDFLRWHDL,QQYDNLPPV,ND,Coronavirus%20Binding%20Antibody%20Sequences%20Structures%2093945098827a46a08ef3c666035b94de/COV2-2752_rank1_imgt_scheme.pdb,"Seth Zost et al., 2020 (https://www.nature.com/articles/s41591-020-0998-x)","Jul 12, 2020","Jul 12, 2020",,Complete,321.0
COV2-2832,Ab,SARS-CoV2,SARS-CoV1,SARS-CoV2,,S; RBD,B-cells; SARS-CoV2 Human Patient,EVQLVESGGGLVQPGGSLRLSCAASGLTVSSNYMSWVRQAPGKGLECVSVIYAGGNTYYADSVKGRFTISRDNSKNTLYLQMNSLRAEDTAVYYCARGDGGYYSPFDYWGQGTLVTVSS,DIQMTQSPSSLSASVGDRVTITCRASQSISSYLNWYQQKPGKAPKVLIYAASTMQSGVPSRFRGSGSGTDFTLTISSLQLEDFATYYCQQSYSTPQTFGQGTKVEIK,IGHV3-66 (Human),IGHJ4 (Human),IGKV1-39 (Human),IGKJ1 (Human),ARGDGGYYSPFDY,QQSYSTPQT,ND,Coronavirus%20Binding%20Antibody%20Sequences%20Structures%2093945098827a46a08ef3c666035b94de/COV2-2832_rank1_imgt_scheme.pdb,"Seth Zost et al., 2020 (https://www.nature.com/articles/s41591-020-0998-x)","Jul 12, 2020","Jul 12, 2020",,Complete,42.0
COV2-2165,Ab,SARS-CoV2,SARS-CoV1,SARS-CoV2,,S; RBD,B-cells; SARS-CoV2 Human Patient,EVQLVESGGGLVQPGGSLRLSCAASGLTVRSNYMTWVRQTPGKGLEWVSVIYSGGSTFYADSVKGRFTISRDNSKNTVYLQMNSLRAEDTAVYYCARDLVTYGLDVWGQGTTVTVSS,DIQLTQSPSFLSASVGDRVTITCRASQGISNYLAWYQQKPGTAPNLLIYAASTLQSGVPSRFSGSGSGTEFTLTISSLQPEDFATYYCQLLNSHPLTFGQGTRLEIK,IGHV3-66 (Human),IGHJ6 (Human),IGKV1-9 (Human),IGKJ5 (Human),ARDLVTYGLDV,QLLNSHPLT,ND,Coronavirus%20Binding%20Antibody%20Sequences%20Structures%2093945098827a46a08ef3c666035b94de/COV2-2165_rank1_imgt_scheme.pdb,"Seth Zost et al., 2020 (https://www.nature.com/articles/s41591-020-0998-x)","Jul 12, 2020","Jul 12, 2020",,Complete,336.0
COV2-2835,Ab,SARS-CoV2,SARS-CoV1,SARS-CoV2,,S; RBD,B-cells; SARS-CoV2 Human Patient,EVQLVESGGGLVQPGGSLRLSCAASGLTVGSNYMNWVRQAPGKGLEWVSVIYSGGSTFYADSVKGRFTISRDNSKNTLYLQLNSLRAEDTAVYYCAREVVGYFDCWGQGTLVTVSS,DIQLTQSPSFLSASVGDRVTITCRASQGISTYLAWYQQKPGKAPKLLIYAASTLQSGVPSRFSGSGSGTEFTLTISSLQPEDFATYYCQQLNSYPGYTFGQGTKLEIK,IGHV3-66 (Human),IGHJ4 (Human),IGKV1-9 (Human),IGKJ2 (Human),AREVVGYFDC,QQLNSYPGYT,ND,Coronavirus%20Binding%20Antibody%20Sequences%20Structures%2093945098827a46a08ef3c666035b94de/COV2-2835_rank1_imgt_scheme.pdb,"Seth Zost et al., 2020 (https://www.nature.com/articles/s41591-020-0998-x)","Jul 12, 2020","Jul 12, 2020",,Complete,124.0
COV2-2733,Ab,SARS-CoV2,SARS-CoV1,SARS-CoV2,,S; RBD,B-cells; SARS-CoV2 Human Patient,EVQLVESGGGLVQPGGSLRLSCAASGVTVSSNYMSWVRQAPGKGLEWVSLIYSGGSTFYADSVKGRFTISRHNSKNTLYLQMNSLRPEDTAVYYCARGPEPDAFDIWGQGTMVTVSS,DIQLTQSPSFLSASVGDRVTITCRASQGISSYLAWYQQKPGKAPKLLIYAASTLQSGVPSRFSGSGSGTEFTLTISSLQPEDFATYYCQQLNSYSFETFGPGTKVAIK,IGHV3-53 (Human),IGHJ3 (Human),IGKV1-9 (Human),IGKJ3 (Human),ARGPEPDAFDI,QQLNSYSFET,ND,Coronavirus%20Binding%20Antibody%20Sequences%20Structures%2093945098827a46a08ef3c666035b94de/COV2-2733_rank1_imgt_scheme.pdb,"Seth Zost et al., 2020 (https://www.nature.com/articles/s41591-020-0998-x)","Jul 12, 2020","Jul 12, 2020",,Complete,132.0
COV2-2354,Ab,"SARS-CoV1, SARS-CoV2",,SARS-CoV2,,S; RBD,B-cells; SARS-CoV2 Human Patient,EVHLVGSGGGLIQPGGSLRLSCAASGFTVSSNFMSWVRQAPGKGLEWVSIIHNGGDSYYTDSVKGRFTISRDNSKNTLYLQMNNLRAEDTAVYYCASSSWLRGAFDIWGQGTMVTVSS,NFMLTQPHSVSESPGKTVTISCTGSSGSIASNYVQWYQQRPGSAPTTVIYEDNQRPSGVPDRFSGSIDSSSNSASLTISGLKTEDEADYYCQSYDSSKYVVFGGGTKLTVL,IGHV3-53 (Human),IGHJ3 (Human),IGLV6-57 (Human),IGLJ2 (Human),ASSSWLRGAFDI,QSYDSSKYVV,ND,Coronavirus%20Binding%20Antibody%20Sequences%20Structures%2093945098827a46a08ef3c666035b94de/COV2-2354_rank1_imgt_scheme.pdb,"Seth Zost et al., 2020 (https://www.nature.com/articles/s41591-020-0998-x)","Jul 12, 2020","Jul 12, 2020",,Complete,991.0
REGN10954,Ab,SARS-CoV2,,SARS-CoV2,,S; RBD,B-cells; SARS-CoV2 Human Patient or Transgenic Mouse (VelocImmune),EVQLVESGGGLVQPGGSLRLSCAASGITVSSNYMSWVRQAPGKGLEWVSLIYSGGSTYYADSVKGRFTISRDNSKNTLYLQMNSLRVEDTAVYYCARDHGMAAAGYNYWGQGTLVTVSS,DIQMTQSPSSLSASVGDRVTITCQASQDINKYLNWYQQKPGKAPKLLIYDASNLETGVPSRFSGSGSGTDFTFTINSLQPEDFATYFCQQYDNLPPAFGQGTKVEIK,IGHV3-66 (Human),IGHJ4 (Human),IGKV1-33 (Human),IGKJ1 (Human),ARDHGMAAAGYNY,QQYDNLPPA,ND,Coronavirus%20Binding%20Antibody%20Sequences%20Structures%2093945098827a46a08ef3c666035b94de/REGN10954_rank1_imgt_scheme.pdb,"Johanna Hansen et al., 2020 (https://science.sciencemag.org/content/early/2020/06/15/science.abd0827)","Jun 21, 2020","Jun 21, 2020",,Complete. Paper does not clarify origin of each mAb,2.6321256
REGN10984,Ab,SARS-CoV2,,SARS-CoV2,,S; RBD,B-cells; SARS-CoV2 Human Patient or Transgenic Mouse (VelocImmune),EVQLVESGGGLVQPGGSLRLSCAASGLTVNRNYMSWVRQAPGKGLEWVSLIYSGGSTYYADSVKGRFTISRDNSKNTLYLQMNSLRLEDTAVYYCARGELGIPYGMDVWGQGTTVTVSS,QSVLTQPPSVSAAPGQKVTISCSGSSSNIGNNYVSWYQQLPGTAPKLLIYDNNKRPSGIPDRFSGSKSGTSATLGITGLQTGDEADYYCGTWDSSLSAGVFGGGTKLTVL,IGHV3-66 (Human),IGHJ6 (Human),IGLV1-51 (Human),IGLJ3 (Human),ARGELGIPYGMDV,GTWDSSLSAGV,ND,Coronavirus%20Binding%20Antibody%20Sequences%20Structures%2093945098827a46a08ef3c666035b94de/REGN10984_rank1_imgt_scheme.pdb,"Johanna Hansen et al., 2020 (https://science.sciencemag.org/content/early/2020/06/15/science.abd0827)","Jun 21, 2020","Jun 21, 2020",,Complete. Paper does not clarify origin of each mAb,2.7502817999999998
REGN10986,Ab,SARS-CoV2,,SARS-CoV2,,S; RBD,B-cells; SARS-CoV2 Human Patient or Transgenic Mouse (VelocImmune),EVQLVESGGGLVQPGGSLRLSCAASEFTVSSNYMSWVRQAPGKGLEWVSVIYSGGSTFYADSVKGRFTISRDNSKNTLYLQMNSLRAEDTAVYYCARALPYGDLHFDYWGQGTLVTVSS,QSVLTQPPSVSGAPGQRVTISCTGSSSNIGTGYDVHWYQQLPGTAPKLLIYGNTNRPSGVPDRFSGSKSGTSASLAITGLQAEDEADYYCQSYDSSLSDSYVFGTGTKVTVL,IGHV3-66 (Human),IGHJ4 (Human),IGLV1-40 (Human),IGLJ1 (Human),ARALPYGDLHFDY,QSYDSSLSDSYV,ND,Coronavirus%20Binding%20Antibody%20Sequences%20Structures%2093945098827a46a08ef3c666035b94de/REGN10986_rank1_imgt_scheme.pdb,"Johanna Hansen et al., 2020 (https://science.sciencemag.org/content/early/2020/06/15/science.abd0827)","Jun 21, 2020","Jun 21, 2020",,Complete. Paper does not clarify origin of each mAb,2.8519989
CB6,Ab,SARS-CoV2,,SARS-CoV2,,S; RBD,B-cells; SARS-CoV2 Human Patient,EVQLVESGGGLVQPGGSLRLSCAASGFTVSSNYMSWVRQAPGKGLEWVSVIYSGGSTFYADSVKGRFTISRDNSMNTLFLQMNSLRAEDTAVYYCARVLPMYGDYLDYWGQGTLVTVSS,DIVMTQSPSSLSASVGDRVTITCRASQSISRYLNWYQQKPGKAPKLLIYAASSLQSGVPSRFSGSGSGTDFTLTISSLQPEDFATYYCQQSYSTPPEYTFGQGTKLEIK,IGHV3-66 (Human),IGHJ4 (Human),IGKV1-39 (Human),IGKJ2 (Human),ARVLPMYGDYLDY,QQSYSTPPEYT,https://www.rcsb.org/structure/7C01,,"Rui Shi et al., 2020 (https://www.nature.com/articles/s41586-020-2381-y_reference.pdf) and NCBI (https://www.ncbi.nlm.nih.gov/nuccore/MT470194) and NCBI (https://www.ncbi.nlm.nih.gov/nuccore/MT4701945)","May 28, 2020","May 28, 2020",,Complete,36.0
COVA1-18,Ab,SARS-CoV2,SARS-CoV1,SARS-CoV2,SARS-CoV1,S; RBD,B-cells; SARS-CoV2 Human Patient,EVQLVESGGGLVQPGGSLRLSCAASGFTVSSNYMSWVRQAPGKGLEWVSVIYSGGSTYYADSVKGRFTISRDNSKNTLYLQMNSLRAEDTAVYYCARVEWAAAGTFYWGQGTLVTVSS,QSALTQEPSLTVSPGGTVTLTCGSSTGAVTSGHYPYWFQQKPGQAPRTLIYDTSNKRSWTPARFSGSLLGGKAALTLSGAQPEDEAEYYCLLSYSGVWVFGGGTKLTVL,IGHV3-66 (Human),IGHJ4 (Human),IGLV7-46 (Human),IGLJ3 (Human),ARVEWAAAGTFY,LLSYSGVWV,ND,Coronavirus%20Binding%20Antibody%20Sequences%20Structures%2093945098827a46a08ef3c666035b94de/COVA1-18_rank1_imgt_scheme.pdb,"Philip Brouwer et al., 2020 (https://science.sciencemag.org/content/early/2020/06/15/science.abc5902)","Jun 17, 2020","Jun 17, 2020",,Complete,8.0
COVA2-04,Ab,SARS-CoV2,SARS-CoV1,SARS-CoV2,SARS-CoV1,S; RBD,B-cells; SARS-CoV2 Human Patient,QVQLVETGGGLIQPGGSLRLSCAASGFTVSSNYMSWVRQAPGKGLEWVSVIYSGGSTFYADSVKGRFTISRDNSKNTLYLQMNSLRAEDTAVYYCARDLERAGGMDVWGQGTMVTVSS,EIVMTQSPGTLSLSPGERATLSCRASQSVSSSYLAWYQQKPGQAPRLLIYGASSRATGIPDRFSGSGSGTDFTLTISRLEPEDFAVYYCQQYGSLYTFGQGTKVDIK,IGHV3-53 (Human),IGHJ6 (Human),IGKV3-20 (Human),IGKJ3 (Human),ARDLERAGGMDV,QQYGSLYT,ND,Coronavirus%20Binding%20Antibody%20Sequences%20Structures%2093945098827a46a08ef3c666035b94de/COVA2-04_rank1_imgt_scheme.pdb,"Philip Brouwer et al., 2020 (https://science.sciencemag.org/content/early/2020/06/15/science.abc5902)","Jun 17, 2020","Jun 17, 2020",,Complete,220.0
COVA2-07,Ab,SARS-CoV2,SARS-CoV1,SARS-CoV2,SARS-CoV1,S; RBD,B-cells; SARS-CoV2 Human Patient,EVQLVETGGGLIQPGGSLRLSCAASGLTVSSNYMNWVRQAPGKGLEWVSVIYSGGSTYYADSVKGRFTISRDNSKNTLYLQMNSLRAEDTAVYYCAREAYGMDVWGQGTMVTVSS,EIVLTQSPGTLSLSPGERATLSCRASQSVSSSYLAWYQQKPGQAPRLLIYGASSRATGIPDRFSGSWSGTDFTLTISRLEPEDFAVYYCQQYGSSPGTFGQGTKVDIK,IGHV3-53 (Human),IGHJ6 (Human),IGKV3-20 (Human),IGKJ3 (Human),AREAYGMDV,QQYGSSPGT,ND,Coronavirus%20Binding%20Antibody%20Sequences%20Structures%2093945098827a46a08ef3c666035b94de/COVA2-07_rank1_imgt_scheme.pdb,"Philip Brouwer et al., 2020 (https://science.sciencemag.org/content/early/2020/06/15/science.abc5902)","Jun 17, 2020","Jun 17, 2020",,Complete,29.0
COVA2-20,Ab,SARS-CoV2,SARS-CoV1,,"SARS-CoV1, SARS-CoV2",S; RBD,B-cells; SARS-CoV2 Human Patient,EVQLVESGGGLIQPGGSLRLSCAASGFTVSSNYMSWVRQAPGKGLEWVSVIYSGGSTYYADSVKGRFTISRDNSKNTLYLQMNSLRAEDTAVYYCASPLLLTPPDYYYYMDVWGKGTMVTVSS,DVVMTQSPSSLSVSVGDRVTITCRASQGIRNDLGWYQQKPGKAPKRLIYAASSLQSGVPSRFSGSGSGTEFTLTISSLQPEDFATYYCLQHNSYLWTFGQGTKLEIK,IGHV3-53 (Human),IGHJ6 (Human),IGKV1-17 (Human),IGKJ1 (Human),ASPLLLTPPDYYYYMDV,LQHNSYLWT,ND,Coronavirus%20Binding%20Antibody%20Sequences%20Structures%2093945098827a46a08ef3c666035b94de/COVA2-20_rank1_imgt_scheme.pdb,"Philip Brouwer et al., 2020 (https://science.sciencemag.org/content/early/2020/06/15/science.abc5902)","Jun 17, 2020","Jun 17, 2020",,Complete,728.0
COVA2-39,Ab,SARS-CoV2,SARS-CoV1,,"SARS-CoV1, SARS-CoV2",S; RBD,B-cells; SARS-CoV2 Human Patient,QVQLVETGGGLIQPGGSLRLSCAASGFTVSSNYMSWVRQAPGKGLEWVSVIYTGGTTYYADSVKGRFTISRDNSKNTLYLQMNSLRAEDTAVYYCARAHVDTAMVESGAFDIWGQGTRVTVSS,QSALTQPASVSGSPGQSITISCTGTSSDVGSYNLVSWYQQHPGKAPKLMIYEVTKRPSGVSNRFSGSKSGNTASLTISGLQAEDEADYYCCSYAGSSTWVFGGGTKLTVL,IGHV3-53 (Human),IGHJ3 (Human),IGLV2-23 (Human),IGLJ3 (Human),ARAHVDTAMVESGAFDI,CSYAGSSTWV,ND,Coronavirus%20Binding%20Antibody%20Sequences%20Structures%2093945098827a46a08ef3c666035b94de/COVA2-39_rank1_imgt_scheme.pdb,"Philip Brouwer et al., 2020 (https://science.sciencemag.org/content/early/2020/06/15/science.abc5902)","Jun 17, 2020","Jun 17, 2020",,Complete,36.0
C003,Ab,SARS-CoV2,SARS-CoV1,SARS-CoV2 (weak),SARS-CoV1,S; RBD,B-cells; SARS-CoV2 Human Patient,EVQLVESGGGLIQPGGSLRLSCAASGFTVSSNYMSWVRQAPGKGLEWVSVIYSGGSTYYADSVKGRFTISRDNSKNTLYLQMNSLRAGDTAVYYCARDYGDFYFDYWGQGTLVTVSS,EIVLTQSPGTLSLSPGERATLSCRASQSVSSTYLAWYQQKPGQAPRLLIYGASSRATGIPDRFSGSGSGTDFTLTISRLEPEDFAVYYCQQYGSSPRTFGQGTKLEIK,IGHV3-53 (Human),IGHJ4 (Human),IGKV3-20 (Human),IGKJ2 (Human),ARDYGDFYFDY,QQYGSSPRT,ND,Coronavirus%20Binding%20Antibody%20Sequences%20Structures%2093945098827a46a08ef3c666035b94de/C003_rank1_imgt_scheme.pdb,"Davide Robbiani et al., 2020 (https://www.nature.com/articles/s41586-020-2456-9)","Jun 1, 2020","Jun 1, 2020",Added sequence data from latest preprint version.,Complete,313.79
C101,Ab,SARS-CoV2,SARS-CoV1,SARS-CoV2,SARS-CoV1,S; RBD,B-cells; SARS-CoV2 Human Patient,QVQLVESGGGLIQPGGSLRLSCAASGFIVSSNYMSWVRQAPGKGLEWVSVIYSGGSTFYTDSVKGRFTISRDNSKNTLYLQMNSLRAEDTAVYYCVRDYGDFYFDYWGQGTLVTVSS,EIVLTQSPGTLSLSPGERATLSCRASQSVSSSYLAWYQQKPGQAPRLLIYGASSRATGIPDRFSGGGSETDFTLTISRLEPEDCAVYYCQQYGSSPRTFGQGTKVEIK,IGHV3-53 (Human),IGHJ4 (Human),IGKV3-20 (Human),IGKJ1 (Human),VRDYGDFYFDY,QQYGSSPRT,ND,Coronavirus%20Binding%20Antibody%20Sequences%20Structures%2093945098827a46a08ef3c666035b94de/C101_rank1_imgt_scheme.pdb,"Davide Robbiani et al., 2020 (https://www.nature.com/articles/s41586-020-2456-9)","Jun 1, 2020","Jun 1, 2020",Added sequence data from latest preprint version.,Complete,8.2
C102,Ab,SARS-CoV2,SARS-CoV1,SARS-CoV2,SARS-CoV1,S; RBD,B-cells; SARS-CoV2 Human Patient,QVQLVESGGGLIQPGGSLRLSCAASGFIVSSNYMSWVRQAPGKGLEWVSVIYSGGSTFYADSVKGRFTISRDNSKNTLYLQMNSLRAEDTAVYYCARDYGDYYFDYWGQGTLVTVSS,EIVLTQSPGTLSLSPGERATLSCRASQSVSSSYLAWYQQKPGQAPRLLIYGASSRATGIPDRFSGSGSGTDFTLTISRLEPEDFAVYYCQQYGSSPRTFGQGTKVEIK,IGHV3-53 (Human),IGHJ4 (Human),IGKV3-20 (Human),IGKJ1 (Human),ARDYGDYYFDY,QQYGSSPRT,ND,Coronavirus%20Binding%20Antibody%20Sequences%20Structures%2093945098827a46a08ef3c666035b94de/C102_rank1_imgt_scheme.pdb,"Davide Robbiani et al., 2020 (https://www.nature.com/articles/s41586-020-2456-9)","Jun 1, 2020","Jun 1, 2020",Added sequence data from latest preprint version.,Complete,34.03
C105,Ab,SARS-CoV2,SARS-CoV1,SARS-CoV2,SARS-CoV1,S; RBD,B-cells; SARS-CoV2 Human Patient,QVQLVESGGGLIQPGGSLRLSCAASGFTVSSNYMSWVRQAPGKGLEWVSVIYSGGSTYYADSVKGRFTISRDNSKNTLYLQMNSLRAEDTAVYYCARGEGWELPYDYWGQGTLVTVSS,QSALTQPPSASGSPGQSVTISCTGTSSDVGGYKYVSWYQQHPGKAPKLMIYEVSKRPSGVPDRFSGSKSGNTASLTVSGLQAEDEADYYCSSYEGSNNFVVFGGGTKLTVL,IGHV3-53 (Human),IGHJ4 (Human),IGLV2-8 (Human),IGLJ3 (Human),ARGEGWELPYDY,SSYEGSNNFVV,"http://www.rcsb.org/structure/6XCA; http://www.rcsb.org/structure/6XCM, http://www.rcsb.org/structure/6XCN",,"Davide Robbiani et al., 2020 (https://www.nature.com/articles/s41586-020-2456-9) and Christopher Barnes et al., 2020 (https://www.sciencedirect.com/science/article/pii/S0092867420307571)","Jun 1, 2020","Jul 5, 2020",4th June: Added sequence data from latest preprint version. 7th June: Added extra publication reference for expected structure. 26th June: Added new citation with structural characterisation. 5th July: Added PDB structures.,Tracking PDB for release of new structures.,26.09
C114,Ab,SARS-CoV2,SARS-CoV1,,"SARS-CoV1, SARS-CoV2",S; RBD,B-cells; SARS-CoV2 Human Patient,QVQLVESGGGLIQPGGSLKLSCVVSGFTVSKNYISWVRQAPGKGLEWVSVIFAGGSTFYADSVKGRFAISRDNSNNTLFLQMNSLRVEDTAIYYCARGDGELFFDQWGQGTLVTVSS,QSVLTQPPSVSGAPGQRVTISCTGTSSNIGAGYDVHWYQQLPGRAPKVLISGNNIRPSEVPDRFSGSRSGTSASLAITSLQPEDEAQYYCQSYDSSLYAVFGGGTKLTVL,IGHV3-53 (Human),IGHJ4 (Human),IGLV1-40 (Human),IGLJ3 (Human),ARGDGELFFDQ,QSYDSSLYAV,ND,Coronavirus%20Binding%20Antibody%20Sequences%20Structures%2093945098827a46a08ef3c666035b94de/C114_rank1_imgt_scheme.pdb,"Davide Robbiani et al., 2020 (https://www.nature.com/articles/s41586-020-2456-9)","Jun 1, 2020","Jun 1, 2020",Added sequence data from latest preprint version.,Complete,1000.0
C120,Ab,SARS-CoV2,SARS-CoV1,SARS-CoV2,SARS-CoV1,S; RBD,B-cells; SARS-CoV2 Human Patient,EVQLVESGGGLIQPGGSLRLSCAASGFTVSSNYMTWVRQAPGKGLEWVSLIYPGGSTYYADSVKGRFTISRDNSKNTLYLQMNSLRAEDTAVYYCAREGMGMAAAGTWGQGTLVTVSS,AIRMTQSPSSLSASVGDTVTITCQASQDISKYLNWYQQKPGKAPKLLIYDASNLETGVPSRFSGSGSGTDFTFTISSLQPEDIATYYCQQYDNLPQTFGGGTKVEIK,IGHV3-53 (Human),IGHJ4 (Human),IGKV1-33 (Human),IGKJ4 (Human),AREGMGMAAAGT,QQYDNLPQT,ND,Coronavirus%20Binding%20Antibody%20Sequences%20Structures%2093945098827a46a08ef3c666035b94de/C120_rank1_imgt_scheme.pdb,"Davide Robbiani et al., 2020 (https://www.nature.com/articles/s41586-020-2456-9)","Jun 1, 2020","Jun 1, 2020",Added sequence data from latest preprint version.,Complete,13.26
C122,Ab,SARS-CoV2,SARS-CoV1,SARS-CoV2,SARS-CoV1,S; RBD,B-cells; SARS-CoV2 Human Patient,EVQLVESGGGLIQPGGSLRLSCAASGLTVSSNYMSWVRQAPGKGLEWVSVLYSGGSSFYADSVKGRFTISRDNSKNTLYLQMNSLRAEDTAVYYCARESGDTTMAFDYWGQGTLVTVSS,DIQLTQSPSFLSASVGDRVTITCRASQGISSYLAWYQQKPGKAPKLLIYAASTLQSGVPSRFSGSGSGTEFTLTISSLQPEDFATYYCQQLNSDSYTFGQGTKLEIK,IGHV3-53 (Human),IGHJ4 (Human),IGKV1-9 (Human),IGKJ2 (Human),ARESGDTTMAFDY,QQLNSDSYT,ND,Coronavirus%20Binding%20Antibody%20Sequences%20Structures%2093945098827a46a08ef3c666035b94de/C122_rank1_imgt_scheme.pdb,"Davide Robbiani et al., 2020 (https://www.nature.com/articles/s41586-020-2456-9)","Jun 1, 2020","Jun 1, 2020",Added sequence data from latest preprint version.,Complete,22.8
C123,Ab,SARS-CoV2,SARS-CoV1,SARS-CoV2,SARS-CoV1,S; RBD,B-cells; SARS-CoV2 Human Patient,EVQLVESGGGLIQPGGSLRLSCAASGVTVSRNYMSWVRQAPGKGLEWVSVIYSGGSTYYADSVKGRFTISRDNSKNTLYLQMNSLRAEDTAVYYCARDLSAAFDIWGQGTMVTVSS,DIQLTQSPSFLSASVGDRVTITCRASQGISSYLAWYQQKPGKAPKLLIYAASTLQSGVPSRFSGSGSGTEFTLTISSLQPEDFATYYCQQLNSYPPAFGQGTRLEIK,IGHV3-53 (Human),IGHJ3 (Human),IGKV1-9 (Human),IGKJ5 (Human),ARDLSAAFDI,QQLNSYPPA,ND,Coronavirus%20Binding%20Antibody%20Sequences%20Structures%2093945098827a46a08ef3c666035b94de/C123_rank1_imgt_scheme.pdb,"Davide Robbiani et al., 2020 (https://www.nature.com/articles/s41586-020-2456-9)","Jun 1, 2020","Jun 1, 2020",Added sequence data from latest preprint version.,Complete,149.22
C140,Ab,SARS-CoV2,SARS-CoV1,SARS-CoV2,SARS-CoV1,S; RBD,B-cells; SARS-CoV2 Human Patient,EVQLVESGGGLVQPGGSLRLSCAASGVTVSSNYMSWVRQAPGKGLEWVSLIYSGGSTFYADSVKGRFTISRDNSENTLYLQMNTLRAEDTAVYYCARDLYYYGMDVWGQGTTVTVSS,DIQLTQSPSFLSASVGDRVTITCRASQGISSYLAWYQQKPGKAPKLLIYAASTLQSGVPSRFSGSGSGTEFTLTISSLQPEDFATYYCQQLNSYSYTFGQGTKLEIK,IGHV3-66 (Human),IGHJ6 (Human),IGKV1-9 (Human),IGKJ2 (Human),ARDLYYYGMDV,QQLNSYSYT,ND,Coronavirus%20Binding%20Antibody%20Sequences%20Structures%2093945098827a46a08ef3c666035b94de/C140_rank1_imgt_scheme.pdb,"Davide Robbiani et al., 2020 (https://www.nature.com/articles/s41586-020-2456-9)","Jun 1, 2020","Jun 1, 2020",Added sequence data from latest preprint version.,Complete,23.88
C143,Ab,SARS-CoV2,SARS-CoV1,,"SARS-CoV1, SARS-CoV2",S; RBD,B-cells; SARS-CoV2 Human Patient,EVQLVESGGGLVQPGGSLRLSCAASGFSVSTKYMTWVRQAPGKGLEWVSVLYSGGSDYYADSVKGRFTISRDNSKNALYLQMNSLRVEDTGVYYCARDSSEVRDHPGHPGRSVGAFDIWGQGTMVTVSS,QSALTQPASVSGSPGQSITISCTGTSNDVGSYTLVSWYQQYPGKAPKLLIFEGTKRSSGISNRFSGSKSGNTASLTISGLQGEDEADYYCCSYAGASTFVFGGGTKLTVL,IGHV3-66 (Human),IGHJ3 (Human),IGLV2-23 (Human),IGLJ3 (Human),ARDSSEVRDHPGHPGRSVGAFDI,CSYAGASTFV,ND,Coronavirus%20Binding%20Antibody%20Sequences%20Structures%2093945098827a46a08ef3c666035b94de/C143_rank1_imgt_scheme.pdb,"Davide Robbiani et al., 2020 (https://www.nature.com/articles/s41586-020-2456-9)","Jun 1, 2020","Jun 1, 2020",Added sequence data from latest preprint version.,Complete,1000.0
C144,Ab,SARS-CoV2,SARS-CoV1,SARS-CoV2,SARS-CoV1,S; RBD,B-cells; SARS-CoV2 Human Patient,EVQLVESGGGLIQPGGSLRLSCAASGFTVSNNYMSWVRQAPGKGLEWVSVIYSGGSTYYADSVKGRFTISRDKSKNTLYLQMNRLRAEDTAVYYCAREGEVEGYNDFWSGYSRDRYYFDYWGQGTLVTVSS,QSALTQPASVSGSPGQSITISCTGTSSDVGGYNYVSWYQQHPGKAPKLMIYDVSNRPSGVSNRFSGSKSGNTASLTISGLQAEDEADYYCSSYTSSSTRVFGTGTKVTVL,IGHV3-53 (Human),IGHJ4 (Human),IGLV2-14 (Human),IGLJ1 (Human),AREGEVEGYNDFWSGYSRDRYYFDY,SSYTSSSTRV,ND,Coronavirus%20Binding%20Antibody%20Sequences%20Structures%2093945098827a46a08ef3c666035b94de/C144_rank1_imgt_scheme.pdb,"Davide Robbiani et al., 2020 (https://www.nature.com/articles/s41586-020-2456-9)","Jun 1, 2020","Jun 1, 2020",Added sequence data from latest preprint version.,Complete,6.91
C145,Ab,SARS-CoV2,SARS-CoV1,SARS-CoV2,SARS-CoV1,S; RBD,B-cells; SARS-CoV2 Human Patient,EVQLVESGGGLIQPGGSLRLSCAASGFSVSSNYMSWVRQAPGKGLEWVSVIYSGGSTYYADSVKGRFTISRDNSKNTLYLQMNSLRAEDTAVYYCAREGEVEGYYDFWSGYSRDRYYFDYWGQGTLVTVSS,QSALTQPASVSGSPGQSITISCTGTSSDVGGYNYVSWYQQHPGKAPKLMIYDVSNRPSGVSNRFSGSKSGNTASLTISGLQAEDEADYYCSSYTSSTTRVFGTGTRVTVL,IGHV3-53 (Human),IGHJ4 (Human),IGLV2-14 (Human),IGLJ1 (Human),AREGEVEGYYDFWSGYSRDRYYFDY,SSYTSSTTRV,ND,Coronavirus%20Binding%20Antibody%20Sequences%20Structures%2093945098827a46a08ef3c666035b94de/C145_rank1_imgt_scheme.pdb,"Davide Robbiani et al., 2020 (https://www.nature.com/articles/s41586-020-2456-9)","Jun 1, 2020","Jun 1, 2020",Added sequence data from latest preprint version.,Complete,3.04
C148,Ab,SARS-CoV2,SARS-CoV1,,"SARS-CoV1, SARS-CoV2",S; RBD,B-cells; SARS-CoV2 Human Patient,EVQLVESGGGLVQPGGSQRLSCAASGFTVSSNYMSWIRQAPGKGLEWVSVIYSGGSAYYVDSVKGRFTISRDNSKNTLYLQMNSLRPEDTAVYYCARIANYMDVWGKGTTVTVSS,EIVMTQSPATLSVSPGERATLSCRASQSVSSHLAWYQQKPGQAPRLLIYGASTRATGIPTRFSGSGSGTEFTLTISSLQSEDFAVYYCQQYNNWPPLTFGGGTKVEIK,IGHV3-66 (Human),IGHJ6 (Human),IGKV3-15 (Human),IGKJ4 (Human),ARIANYMDV,QQYNNWPPLT,ND,Coronavirus%20Binding%20Antibody%20Sequences%20Structures%2093945098827a46a08ef3c666035b94de/C148_rank1_imgt_scheme.pdb,"Davide Robbiani et al., 2020 (https://www.nature.com/articles/s41586-020-2456-9)","Jun 1, 2020","Jun 1, 2020",Added sequence data from latest preprint version.,Complete,1000.0
C153,Ab,SARS-CoV2,SARS-CoV1,SARS-CoV2 (weak),SARS-CoV1,S; RBD,B-cells; SARS-CoV2 Human Patient,EVQLVESGGGLIQPGGSLRLSCAASGFTVSSNYMSWVRQAPGKGLEWVSVIYSGYSTYYVDSVKGRFTISRDNSKNTLYLQMNSLRAEDTAVYYCARVGGAHSGYDGSFDYWGQGTLVTVSS,QSALTQPASVSGSPGQSITISCTGTSSDVGSYNLVSWYQQHPGKAPKLMIYEGSKRPSGVSNRFSGSKSGNTASLTISGLQAEDEADYYCCSYAGSSTWVFGGGTKLTVL,IGHV3-53 (Human),IGHJ4 (Human),IGLV2-23 (Human),IGLJ3 (Human),ARVGGAHSGYDGSFDY,CSYAGSSTWV,ND,Coronavirus%20Binding%20Antibody%20Sequences%20Structures%2093945098827a46a08ef3c666035b94de/C153_rank1_imgt_scheme.pdb,"Davide Robbiani et al., 2020 (https://www.nature.com/articles/s41586-020-2456-9)","Jun 1, 2020","Jun 1, 2020",Added sequence data from latest preprint version.,Complete,70.71
C155,Ab,SARS-CoV2,SARS-CoV1,SARS-CoV2,SARS-CoV1,S; RBD,B-cells; SARS-CoV2 Human Patient,EVQLVESGGGLIQPGGSLRLSCAASGFIVSSNYMSWVRQAPGKGLEWVSVIYSGGSTFYADSVKGRFTISRDNSKNTLYLQMNSLRAEDTAVYYCARDFGEFYFDYWGQGTLVTVSS,EIVMTQSPATLSVSPGERATLSCRASQSVSSNLAWYQQKPGQAPRLLIYGASTRATAIPARFSGSGSGTEFTLTISSLQSEDFAVYYCQQYNNWPRTFGQGTKVEIK,IGHV3-53 (Human),IGHJ4 (Human),IGKV3-15 (Human),IGKJ1 (Human),ARDFGEFYFDY,QQYNNWPRT,ND,Coronavirus%20Binding%20Antibody%20Sequences%20Structures%2093945098827a46a08ef3c666035b94de/C155_rank1_imgt_scheme.pdb,"Davide Robbiani et al., 2020 (https://www.nature.com/articles/s41586-020-2456-9)","Jun 1, 2020","Jun 1, 2020",Added sequence data from latest preprint version.,Complete,11.0
C164,Ab,SARS-CoV2,SARS-CoV1,SARS-CoV2 (weak),SARS-CoV1,S; RBD,B-cells; SARS-CoV2 Human Patient,EVQLVESGGGLVQPGGSLRLSCAASGFSVSTKYMTWVRQAPGKGLEWVSVLYSGGSDYYADSVKGRFTISRDNSKNALYLQMNSLRVEDTGVYYCARDSSEVRDHPGHPGRSVGAFDIWGQGTMVTVSS,QSALTQPASVSGSPGQSITISCTGTSNDVGSYTLVSWYQQYPGKAPKLLIFEVTKRSSGISNRFSGSKSGNTASLTISGLQGEDEADYYCCSYAGASTFVFGGGTKLTVL,IGHV3-66 (Human),IGHJ3 (Human),IGLV2-23 (Human),IGLJ3 (Human),ARDSSEVRDHPGHPGRSVGAFDI,CSYAGASTFV,ND,Coronavirus%20Binding%20Antibody%20Sequences%20Structures%2093945098827a46a08ef3c666035b94de/C164_rank1_imgt_scheme.pdb,"Davide Robbiani et al., 2020 (https://www.nature.com/articles/s41586-020-2456-9)","Jun 1, 2020","Jun 1, 2020",Added sequence data from latest preprint version.,Complete,239.15
C202,Ab,SARS-CoV2,SARS-CoV1,,"SARS-CoV1, SARS-CoV2",S; RBD,B-cells; SARS-CoV2 Human Patient,EVQLVESGGGLVQPGGSLRLSCAASGFTVSSNYMSWVRQAPGKGLEWVSLIYSGGSTYYADSVKGRFTISRDNSKNTLYLQMNSLRAEDTAVYYCARDTLGRGGDYWGQGTLVTVSS,DIQLTQSPSSLSASVGDRVTITCQASQDISNYLNWYQQKPGKAPKLLIYDASNLETGVPSRFSGSGSGTDFTFTISSLQPEDIATYYCQQYDNLPRSFGQGTKLEIK,IGHV3-66 (Human),IGHJ4 (Human),IGKV1-33 (Human),IGKJ2 (Human),ARDTLGRGGDY,QQYDNLPRS,ND,Coronavirus%20Binding%20Antibody%20Sequences%20Structures%2093945098827a46a08ef3c666035b94de/C202_rank1_imgt_scheme.pdb,"Davide Robbiani et al., 2020 (https://www.biorxiv.org/content/10.1101/2020.05.13.092619v2)","Jun 1, 2020","Jun 1, 2020",Added sequence data from latest preprint version.,Complete,1000.0
C210,Ab,SARS-CoV2,SARS-CoV1,SARS-CoV2,SARS-CoV1,S; RBD,B-cells; SARS-CoV2 Human Patient,EVQLVESGGGLIQPGGSLRLSCAASGFTVSSNYMSWVRQAPGKGLEWVSVIYSGGSTFYADSVKGRFTFSRDNSKNTLYLQMNSLRAEDTAVYYCARDLMAYGMDVWGQGTTVTVSS,DIQLTQSPSFLSASVGDRVTITCRASQGISSYLAWYQQKPGKAPKLLIYAASTLQSGVPSRFSGSGSGTEFTLTISSLQPEDFATYYCQQLNSYPQGTFGGGTKVEIK,IGHV3-53 (Human),IGHJ6 (Human),IGKV1-9 (Human),IGKJ4 (Human),ARDLMAYGMDV,QQLNSYPQGT,ND,Coronavirus%20Binding%20Antibody%20Sequences%20Structures%2093945098827a46a08ef3c666035b94de/C210_rank1_imgt_scheme.pdb,"Davide Robbiani et al., 2020 (https://www.biorxiv.org/content/10.1101/2020.05.13.092619v2)","Jun 1, 2020","Jun 1, 2020",Added sequence data from latest preprint version.,Complete,50.73
C211,Ab,SARS-CoV2,SARS-CoV1,SARS-CoV2,SARS-CoV1,S; RBD,B-cells; SARS-CoV2 Human Patient,EVQLVESGGGLVQPGGSLRLSCAASEFTVSSNYMSWVRQAPGKGLEWVSVIYSGGSTFYADSVKGRFTISRDNSKNTLYLQMNSLRPEDTAVYYCARDYGDFYFDFWGQGTLVTVSS,EIVMTQSPATLSVSPGERATLSCRASQSVSSNLAWYQQKPGQGPRLLIYGASTRATGIPARFSGSGSGTEFTLTISSLQSEDFAVYYCQQYNNWPRTFGQGTKVEIK,IGHV3-66 (Human),IGHJ4 (Human),IGKV3-15 (Human),IGKJ1 (Human),ARDYGDFYFDF,QQYNNWPRT,ND,Coronavirus%20Binding%20Antibody%20Sequences%20Structures%2093945098827a46a08ef3c666035b94de/C211_rank1_imgt_scheme.pdb,"Davide Robbiani et al., 2020 (https://www.biorxiv.org/content/10.1101/2020.05.13.092619v2)","Jun 1, 2020","Jun 1, 2020",Added sequence data from latest preprint version.,Complete,12.79
CC12.1,Ab,SARS-CoV2,SARS-CoV1,SARS-CoV2,SARS-CoV1,S; RBD,B-cells; SARS-CoV2 Human Patient,EVQLVESGGGLIQPGGSLRLSCAASGLTVSSNYMSWVRQAPGKGLEWVSVIYSGGSTFYADSVKGRFTISRDNSKNTLYLQMNSLRAEDTAVYYCARDLDVYGLDVWGQGTTVTVSS,DIVMTQSPSFLSASVGDRVTITCRASQGISSYLAWYQQKPGKAPKLLIYAASTLQSGVPSRFSGSGSGTEFTLTISSLQPEDFATYYCQQLNSYPPKFTFGPGTKVEIK,IGHV3-53 (Human),IGHJ6 (Human),IGKV1-9 (Human),IGKJ3 (Human),ARDLDVYGLDV,QQLNSYPPKFT,https://www.rcsb.org/structure/6XC2; https://www.rcsb.org/structure/6XC3,Coronavirus%20Binding%20Antibody%20Sequences%20Structures%2093945098827a46a08ef3c666035b94de/CC12.1_rank1_imgt_scheme.pdb,"Thomas Rogers et al., 2020 (https://science.sciencemag.org/content/early/2020/06/15/science.abc7520) and Meng Yuan et al., 2020 (https://www.biorxiv.org/content/10.1101/2020.06.08.141267v1)","May 17, 2020","Jun 16, 2020",1st June: Corrected HC V gene annotation. 10th June: Added sequence from new publication. 16th June: Updated publication.,Tracking release of structure from the PDB,19.0
CV30,Ab,SARS-CoV2,SARS-CoV1,SARS-CoV2,,S; RBD,B-cells; SARS-CoV2 Human Patient,EVQLVESGGGLIQPGGSLRLSCAASGVIVSSNYMSWVRQAPGKGLEWVSVIYSGGSTYYADSVKGRFTISRDNSKNTLYLQMNSLRAEDTAVYYCARDLDVSGGMDVWGQGTTVTVSS,EIVLTQSPGTLSLSPGERATLSCRASQSVSSSYLAWYQQKPGQAPRLLIYGASSRATGIPDRFSGSGSGTDFTLTISRLEPEDFAVYYCQQYGSSPQTFGQGTKLEIK,IGHV3-53 (Human),IGHJ6 (Human),IGKV3-20 (Human),IGKJ2 (Human),ARDLDVSGGMDV,QQYGSSPQT,http://www.rcsb.org/structure/6XE1,,"Emilie Seydoux et al., 2020 (https://www.biorxiv.org/content/10.1101/2020.05.12.091298v1) and Nicholas Hurlburt et al., 2020 (https://www.biorxiv.org/content/10.1101/2020.06.12.148692v1)","May 17, 2020","Jul 5, 2020",7th June: Added sequence information from NCBI. 13th June: Added expected structure note and accompanying publication. 5th July: Added PDB structure.,Tracking PDB for release of structure,30.0
B38,Ab,SARS-CoV2,,SARS-CoV2,,S; RBD,B-cells; SARS-CoV2 Human Patient,EVQLVESGGGLVQPGGSLRLSCAASGFIVSSNYMSWVRQAPGKGLEWVSVIYSGGSTYYADSVKGRFTISRHNSKNTLYLQMNSLRAEDTAVYYCAREAYGMDVWGQGTTVTVSS,DIVMTQSPSFLSASVGDRVTITCRASQGISSYLAWYQQKPGKAPKLLIYAASTLQSGVPSRFSGSGSGTEFTLTISSLQPEDFATYYCQQLNSYPPYTFGQGTKLEIK,IGHV3-53 (Human),IGHJ6 (Human),IGKV1-9 (Human),IGKJ2 (Human),AREAYGMDV,QQLNSYPPYT,https://www.rcsb.org/structure/7BZ5,,"Yan Wu et al., 2020 (https://science.sciencemag.org/content/early/2020/05/12/science.abc2241)","May 14, 2020","May 20, 2020","Removed homology model, added PDB crystal structure.",Complete,177.0
