participant_id,antibody_id,sars_cov_2_ic50_ngml,sars_cov_2_ic80_ngml,sars_cov_2_ic90_ngml,sars_cov_ic50_ngml,sars_cov_2_rbd_ec50_ngml,sars_cov_rbd_ec50_ngml,heavy_v_gene,igh_vdj_aa,igl_vj_aa
COV21,C002,8.88,21.95,37.61,,3.14,1000.0,IGHV3-30 (Human),EVQLVESGGGVVQPGRSLRLSCAASGFTFSIYGMHWVRQAPGKGLEWVAVISYDGSNKYYADSVKGRFTISRDNSKNTLYLQMNSLRAEDTAVYYCAKEGRPSDIVVVVAFDYWGQGTLVTVSS,DIQLTQSPSSLSASVGDRVTITCRASQSISSYLNWYQQKPGKAPKLLIYAASSLQSGVPSRFSGSGSGTDFTLTISSLQPEDFATYYCQQSYSTPRTFGQGTKVEIK
COV21,C003,313.79,992.62,1000.0,,6.37,1000.0,IGHV3-53 (Human),EVQLVESGGGLIQPGGSLRLSCAASGFTVSSNYMSWVRQAPGKGLEWVSVIYSGGSTYYADSVKGRFTISRDNSKNTLYLQMNSLRAGDTAVYYCARDYGDFYFDYWGQGTLVTVSS,EIVLTQSPGTLSLSPGERATLSCRASQSVSSTYLAWYQQKPGQAPRLLIYGASSRATGIPDRFSGSGSGTDFTLTISRLEPEDFAVYYCQQYGSSPRTFGQGTKLEIK
COV21,C004,10.67,41.08,91.71,,2.39,1000.0,IGHV1-2 (Human),QVQLVQSGAEVKKPGASVKVSCKASGYTFTGYYMHWVRQAPGQGLEWMGWINPISGGTNYAQKFQGRVTMTRDTSISTAYMELSRLRSDDTAVYYCASPASRGYSGYDHGYYYYMDVWGKGTTVTVSS,AIRMTQSPSSLSASVGDRVTITCQASQDISNYLNWYQQKPGKAPKLLIYDASNLETGVPSRFSGSGSGTDFTFTISSLQPEDIATYYCQQYDNLPITFGQGTRLEIK
COV21,C005,60.49,130.65,205.2,,4.41,1000.0,IGHV1-58 (Human),QVQLVQSGPEVKKPGTSVKVSCKASGFTFTSSAVQWVRQARGQRLEWIGWIVVGSGNTNYAQKFQERVTITRDMSTSTAYMELSSLRSEDTAVYYCAAPHCSGGSCLDAFDIWGQGTMVTVSS,EIVLTQSPGTLSLSPGERATLSCRASQSVRSSYLAWYQQKPGQAPRLLIYGASSRATGIPDRFSGSGSGTDFTLTISRLEPEDFAVYYCQQYGSSPWTFGQGTKVEIK
COV21,C006,321.51,1000.0,1000.0,,1.81,1000.0,IGHV3-11 (Human),QVQLVESGGGLVKPGGSLRLSCAASGFIFSDYCMSWIRRAPGKGLEWLSYISNSGTTRYYADSVKGRFTISRDNGRNSLYLQMDSLSAEDTAVYYCARRGDGSSSIYYYNYMDVWGKGTTVTVSS,QSVLTQPPSASGTPGQRVTVSCSGSSSNIGSNTVNWYQQLPGTAPKLLIYSNNQRPSGVPDRFSGSKSGTSASLAISGLQSEDEADYFCAAWDDSLNGPVFGGGTKLTVL
COV21,C008,625.46,1000.0,1000.0,,4.63,1000.0,IGHV3-30 (Human),EVQLVESGGGVVQPGRSLRLSCAASGFTFSSYGMHWVRQAPGKGLEWVTVISYDGRNKYYADSVKGRFTISRDNSKNTLYLQMNSLRAEDTAVYYCAREFGDPEWYFDYWGQGTLVTVSS,DIQMTQSPSTLSASVGDRVTITCRANQSISSWLAWYQQKPGKAPKLLIYKASSLESGVPSRFSGSGSGTEFTLTISSLQPDDFATYYCQQYNSYWTFGQGTKVEIK
COV21,C009,4.82,14.54,29.34,,1.8,1000.0,IGHV1-2 (Human),QVQLVQSGAEVKKPGASVKVSCMASGYTFTGYYMHWVRQAPGQGLEWMGWINPNSGGTNYAQKFQGRVTMTRDTSISTAYMELSRLRSDDTAVYYCARDSPFSALGASNDYWGQGTLVTVSS,QSALTQPPSASGSPGQSVTISCTGTSSDVGGYNYVSWYQQHPGKAPKLMIYEVSKRPSGVPDRFSGSKSGNTASLTVSGLQAEDEAEYYCSSDAGSNNVVFGGGTKLTVL
COV21,C010,1000.0,1000.0,1000.0,1000.0,5.44,1000.0,IGHV3-30 (Human),EVQLVESGGGVVQPGRSLRLSCAASGFTFSSYAMHWVRQAPAKGLEWVAVILYDGSGKYYADSVKGRFTISRDNSKNTLYLQMNSLRAEDTAVYYCARDGIVDTALVTWFDYWGQGTLVTVSS,DIQLTQSPSSLSASVGDRVTITCRASQSISTYLNWYQQKPGKAPKLLIYAASSLQSGVPSRFSGSGSGTDFTLTISSLQPEDFATYYCQQSYSTPPWTFGQGTKVEIK
COV21,C013,42.48,360.59,1000.0,,2.59,1000.0,IGHV1-69 (Human),QVQLVQSGAEVKKPGSSVKVSCKASGGTFSSYAISWVRQAPGQGLEWMGGIIPIFGTANYAQKFQGRVTITADESTSTAYMELSSLRSEDTAVYYCARGNRLLYCSSTSCYLDAVRQGYYYYYYMDVWGKGTTVTVSS,EIVLTQSPATLSLSPGERATLSCRASQSVSSYLAWYQQKPGQAPRLLIYDASNRATGIPARFSGSGSGTDFTLTISSLEPEDFAVYYCQQRSNWPLTFGGGTKVEIK
COV21,C016,1000.0,1000.0,1000.0,,7.41,1000.0,IGHV3-30 (Human),EVQLVESGGGVVQPGRSLRLSCAASGFTFSRYGMHWVRQAPGKGLEWVAVISYDGSNKYYADSVKGRFTISRDNSKNTLYLQMNSLRAEDTAVYYCAKVTAPYCSGGSCYGGNFDYWGQGTLVTVSS,AIRMTQSPSSLSASVGDRVTITCQASQDISNYLNWYQQKPGKAPKLLIYDASNLETGVPSRFSGSGSGTDFTFTINSLQPEDIATYYCQQYDNLPPTFGGGTKVEIK
COV21,C017,72.67,256.18,543.87,,1.63,1000.0,IGHV3-9 (Human),EVQLVESGGGLVQPGRSLRLSCAASGFTFDDYAMHWVRQAPGKGLEWVSGISWNSGTIGYADSVKGRFTISRDNAKNSLYLQMNSLRAEDTAFYYCAKAGVRGIAAAGPDLNFDHWGQGTLVTVSS,EIVLTQSPATLSLSPGERATLSCRASQSVSSYLAWYQQKPGQAPRLLIYDASNRATGIPARFSGSGSGTDFTLTISSLEPEDFAVYYCQQRITFGQGTRLEIK
COV21,C018,1000.0,1000.0,1000.0,,1.53,1000.0,IGHV3-30 (Human),EVQLVESGGGVVQPGRSLRLSCAASGFTFSNYAIHWVRQAPGKGLEWVAVISYDGSNKYYADSVKGRFTISRDNSKNTLYLQMNSLRAEDTAVYYCARDFDDSSFWAFDYWGQGTLVTVSS,DIQLTQSPSSLSASVGDRVTITCRASQSIRSYLNWYQQKPGKAPKLLIYAASSLQSGVPSRFSGSGSGTDFTLTISSLQPDDFATYYCQQSYSTPPATFGQGTKLEIK
COV21,C019,1000.0,1000.0,1000.0,,11.85,1000.0,IGHV1-46 (Human),QVQLVQSGAEVKKPGASVKVSCKASGYTFTSYYMHWVRQAPGQGLEWMGIINPSGGSTSYAQKFQGRVTMTRDTSTSTVYMELSSLRSEDTAVYYCARVPREGTPGFDPWGQGTLVTVSS,SYELTQPPSVSVAPGKTARITCGENNIGSKSVHWYQQKPGQAPVLVIYYDSDRPSGIPERFSGSNSGNTATLTINRVEAGDEADYYCQVWDSSSDHVVFGGGTKLTVL
COV21,C021,1000.0,1000.0,1000.0,,1.25,1000.0,IGHV4-31 (Human),QVQLQESGPGLVKPSQTLSLTCTVSGGSISSGGYYWSWIRQHPGKGLEWIGYIYYSGSTYYNPSLKSRVTISVDTSKNQFSLKLSSVTAADTAVYYCARVWQYYDSSGSFDYWGQGTLVTVSS,DIVMTQSPLSLPVTPGEPASISCRSSQSLLHSNGYNYLDWYLQKPGQSPQLLIYLGSNRASGVPDRFSGSGSGTDFTLKISRVEAEDVGVYYCMQALQTPFTFGPGTKVDIK
COV21,C022,73.57,314.71,736.87,168.15,2.4,5.99,IGHV4-39 (Human),QVQLQESGPGLVKPSETLSVTCTVSGGSISSSRYYWGWIRQPPGKGLEWIGSIYYSGSTYYNPSLKSRVTISVDTSKNQFSLKLSSVTAADTAVYYCARHAAAYYDRSGYYFIEYFQHWGQGTLVTVSS,DIQMTQSPSTLSASVGDSVTITCRASQSISSWLAWYQQKPGKAPKLLIYKASSLESGVPSRFSGSGSGTEFTLTISSLQPDDFATYYCQQYNNYRYTFGQGTKLEIK
COV21,C027,1000.0,1000.0,1000.0,1000.0,2.65,696.05,IGHV3-30 (Human),EVQLVESGGGVVQPGRSLRLSCAASGFTFSSYGMHWVRQAPGKGLEWVAVISYDGSNKYYADSVKGRFTISRDNSKNTLYLQMNSLRAEDTAVYYCAKASGIYCSGGDCYSYYFDYWGQGTLVTVSS,DIQMTQSPSTLSASVGDRVTITCRASQSISSWLAWYQQKPGKAPKLLIYKASSLESGVPSRFSGSGSGTEFTLTISSLQPDDFATYYCQQYNSYSTFGQGTKVEIK
COV21,C029,1000.0,1000.0,1000.0,,4.13,1000.0,IGHV4-31 (Human),QVQLQESGPGLVKPSQTLSLTCTVSGGSISSGGYYWSWIRQHPGKGLEWIGYIYYSGSTYYNPSLKSRVTISVDTSKNQFSLKLSSVTAADTAVYYCARTMYYYDSSGSFDYWGQGTLVTVSS,DIVMTQSPLSLPVTPGEPASISCRSSQSLLHSNGYNYLDWYLQKPGQSPQLLIYLGSNRASGVPDRFSGSGSGTDFTLKISRVEAEDVGVYYCMQALQTPHTFGGGTKVEIK
COV21,C030,1000.0,1000.0,1000.0,1000.0,2.89,1000.0,IGHV3-30 (Human),EVQLVESGGGVVQPGRSLRLSCAASGFTFSSYGMHWVRQAPGKGLEWVAVISYDGSNKYYADSVKGRFTISRDNSKNTLYLQMNSLRAEDTAVYYCAKASGIYCSGGNCYSYYFDYWGQGTLVTVSS,DIQMTQSPSTLSASVGDRVTITCRASQSISSWLAWYQQKPGKAPKLLIYKASSLESGVPSRFSGSGSGTEFTLTISSLQPDDFATYYCQQYNSYSTFGQGTKVEIK
COV21,C031,1000.0,1000.0,1000.0,,22.69,1000.0,IGHV3-13 (Human),EVQLVESGGGLVQPGGSLRLSCAASGFTFSSYDMHWVRQATGKGLEWVSAIGTAGDTYYPGSVKGRFTISRENAKNSLYLQMNSLRAGDTAVYYCARVGYDSSGYSGWYFDLWGRGTLVTVSS,DIQMTQSPSSLSASVGDRVTITCRASQSISSYLNWYQQKPGKAPKVLIYAASSLQSGVPSRFSGSGSGTDFTLTISSLQPEDFATYYCQQSYSTPPLTFGGGTKVEIK
COV57,C032,1000.0,1000.0,1000.0,,99.31,,Other,EVQLVQSGAEVKKPGESLKISCKGSGYSFTSYWIGWVRQMPGKGLEWMGIIYPGDSDTRYSPSFQGQVTISADKSISTAYLQWSSLKASDTAMYYCARGVAVDWYFDLWGRGTLVTVSS,QSVLTQPPSVSGAPGQRVTISCTGSSSNIGAGYDVHWYQQLPGTAPKLLIYGNSNRPSGVPDRFSGSKSGTSASLAITGLQAEDEADYYCQSYDSSLSALYVFGTGTKVTVL
COV57,C036,1000.0,1000.0,1000.0,,64.1,,Other,QVQLQQWGAGLLKPSETLSRTCAVFGGSFTNYYWSWIRQSPGKGLEWIGEINDSGITNYNPSLKSRVTISVDTSKNQFSLSLRSVTAADTAVYYCARRRSFSRPSSIDYWGQGTLVTVSS,DIVMTQSPLSLPVTPGEPASISCRSSQSLLHRNGYNYLDWYLQKPGQSPQLLIYLGSNRASGVPDRFRGSGSGTDFTLKISRVEAEDVGVYYCMQALQTLTFGQGTRLEIK
COV57,C037,155.78,488.45,1000.0,,1.93,,Other,QLVQSGPEVKKPGTSVKVSCKASGFTFTSSAMQWVRQARGQRLEWIGWIVVGSGNTNYAQKFQERVTITRDMSTSTAYMELSSLRSEDTAVYYCAAPYCSGGSCNDAFDIWGQGTMVTVSS,EIVLTQSPGTLSLSPGERATLSCRASQSVSSSYLAWYQQKPGQAPRLLIYGASSRATGIPDRFSGSGSGTDFTLTISRLEPEDFAVYYCQQYGSSPWTFGQGTKVEIK
COV57,C038,1000.0,1000.0,1000.0,,4.69,,Other,VQLVESGGGVVQPGRSLRLSCAASGFTFNRIAMYWVRQAPGKGLEWVAVISFDGSYEYYAESVKGRFAISRDNSKNTLYLQMNSLRAEDTAVYYCAKSPMGYCTNGVCYPDSWGQGTLVTVSS,NFMLTQPHSVSESPGKTVTISCTGSSGSIASNYVQWYQQRPGSAPTTVIYEDTQRPSGVPDRFSGSIDSSSNSASLTISGLKTEDEADYYCQSYDINSRWVFGGGTKLTVL
COV57,C040,1000.0,1000.0,1000.0,,11.1,,Other,EVQLVESGGGLVKPGGSLRLSCAASGFTFSNAWMSWVRQAPGKGLEWVGRIKSKTDGGTTDYAAPVKGRFTISRDDSKNTLYLQMNSLKTEDTAVYYCTTDPHCSSTSCPIFYYYYMDVWGKGTTVTVSS,SYELTQPPSVSVAPGQTARITCGGNNIGSKSVHWYQQKPGQAPVLVVYDDSDRPSGIPERFSGSNSGNTATLTISRVEAGDEADYYCQVWDSSSDQGVFGGGTKLTVL
COV107,C101,8.2,30.15,65.3,,1.51,1000.0,IGHV3-53 (Human),QVQLVESGGGLIQPGGSLRLSCAASGFIVSSNYMSWVRQAPGKGLEWVSVIYSGGSTFYTDSVKGRFTISRDNSKNTLYLQMNSLRAEDTAVYYCVRDYGDFYFDYWGQGTLVTVSS,EIVLTQSPGTLSLSPGERATLSCRASQSVSSSYLAWYQQKPGQAPRLLIYGASSRATGIPDRFSGGGSETDFTLTISRLEPEDCAVYYCQQYGSSPRTFGQGTKVEIK
COV107,C102,34.03,84.21,143.23,,4.54,1000.0,IGHV3-53 (Human),QVQLVESGGGLIQPGGSLRLSCAASGFIVSSNYMSWVRQAPGKGLEWVSVIYSGGSTFYADSVKGRFTISRDNSKNTLYLQMNSLRAEDTAVYYCARDYGDYYFDYWGQGTLVTVSS,EIVLTQSPGTLSLSPGERATLSCRASQSVSSSYLAWYQQKPGQAPRLLIYGASSRATGIPDRFSGSGSGTDFTLTISRLEPEDFAVYYCQQYGSSPRTFGQGTKVEIK
COV107,C103,4.38,12.58,23.59,,3.77,1000.0,IGHV4-34 (Human),QVQLQQWGAGLLKPSETLSLTCAVSGGSLSGFYWTWIRQPPGKGLEWIGETNHFGSTGYKPSLKSRVTISVDMSRNQFSLKVTSVTAADTAVYYCARKPLLYSDFSPGAFDIWGQGTMVTVSS,EIVLTQSPGTLSLSPGERATLSCRASQTVTANYLAWYQQKPGQAPRLLIYGASKRATGIPDRFSGSGSGTDFTLSISRLEPEDFAVYYCQQYTTTPRTFGGGTKVEIK
COV107,C104,23.31,72.12,140.28,,8.31,1000.0,IGHV4-34 (Human),QVQLQQWGAGLLKPSETLSLSCAVYGGSLSGYYWSWIRQPPGKGLEWIGEINHFGSTGYNPSLKSRVTISVDTSKSQFSVKLSSVTAADTAVYYCARKPLLYSNLSPGAFDIWGQGTMVTVSS,EIVLTQSPGTVSLSPGERATLSCWASQSVSASYLAWYQQKPGQAPRLLIYGASSRATGIPDRFSGSGSGTDFTLTISRLEPEDFAVYYCQQYGTTPRTFGGGTKVEIK
COV107,C105,26.09,72.24,133.7,,5.2,1000.0,IGHV3-53 (Human),QVQLVESGGGLIQPGGSLRLSCAASGFTVSSNYMSWVRQAPGKGLEWVSVIYSGGSTYYADSVKGRFTISRDNSKNTLYLQMNSLRAEDTAVYYCARGEGWELPYDYWGQGTLVTVSS,QSALTQPPSASGSPGQSVTISCTGTSSDVGGYKYVSWYQQHPGKAPKLMIYEVSKRPSGVPDRFSGSKSGNTASLTVSGLQAEDEADYYCSSYEGSNNFVVFGGGTKLTVL
COV107,C106,1000.0,1000.0,1000.0,1000.0,19.03,106.75,IGHV4-61 (Human),QLQLQESGPGLVKPSETLSLTCTVSGASVSSGSYYWSWIRQPPGKGLEWIGYIYYSGSTNYNPSLKSRVTISVDTSKNQFSLKLSSVTAADTAVYYCARERPGGTYSNTWYTPTDTNWFDTWGQGTLVTVSS,SYELTQPPSVSVAPGKTARITCGGNNIGSKSVHWYQQKPGQAPVLVIYFDSDRPSGIPERFSGSNSGNTATLTISRVEAGDEADYYCQVWDSSRDHVVFGGGTKLTVL
COV107,C107,1000.0,1000.0,1000.0,,11.55,1000.0,IGHV1-18 (Human),QVQLVQSGAEVKKPGASVRVSCKASGYTFTSYGFSWVRQAPGQGLEWMGWISAYNGNTNFAQKLQGRVTMTTDTSTSTAYMELRSLRSDDTAVYYCARGEAVAGTTGFFDYWGQGTLVTVSS,QSVLTQPPSASGTPGQRVTISCSGSSSNIGSNYVYWYQQLPGTAPKLLIYRNNQRPSGVPDRFSGSKSGTSASLAISGLRSEDEADYYCAAWDDSLSGFVVFGGGTKLTVL
COV107,C108,480.69,1000.0,1000.0,,5.32,1000.0,IGHV4-4 (Human),QVQLQESGPGLVKPSGTLSLTCAVSGGSISSTNWWSWVRQPPGKGLEWIGEIYHTGSTNYNPSLKSRVTISVDKSKNQFSLKLSSVTAADTAVYYCVRDGGRPGDAFDIWGQGTMVTVSS,QSALTQPASVSGSPGQSITISCTGTSSDVGGYNYVSWYQQHPGKAPKLMIYDVSNRPSGVSNRFSGSKSGNTASLTISGLQAEDEADYYCNSYTSSSTRVFGTGTKVTVL
COV107,C110,18.44,45.11,77.28,,7.29,1000.0,IGHV5-51 (Human),QVQLQQSGAEVKKPGESLKISCKGSGYSFTSYWIGWVRQMPGKGLEWMGIIYPGDSDTRYSPSFQGQVTISADKSISTAYMQWSSLKASDTAMYYCARSFRDDPRIAVAGPADAFDIWGQGTMVTVSS,DIQMTQSPSTLSASVGDRVTITCRASQSISYWLAWYQQKPGKAPKLLIYQASSLESGVPSRFSGSESGTEFTLTISSLQPDDFATYYCQQYNSYPYTFGQGTKLEIK
COV107,C112,111.79,701.99,1000.0,,3.38,1000.0,IGHV3-30 (Human),QVQLVESGGGVVQPGRSLRLSCAASGFTFSSHAMHWVRQAPGKGLEWVAVISYDGSNKYYADSVKGRFTISRDNSKNTLYLQMNSLRAEDTAVYYCAREDYYDSSGSFDYWGQGTLVTVSS,QSALTQPASVSGSPGQSITISCTGTSSDVGGYNYVSWYQQHPGKAPKLMIYDVSNRPSGVSNRFSGSKSGNTASLTISGLQAEDEADYYCSSYTSSSTWVFGGGTKLTVL
COV107,C113,1000.0,1000.0,1000.0,,6.93,1000.0,IGHV3-33 (Human),QVQLVESGGGVVQPGRSLRLSCAASGFTFSNFGMHWVRQAPGKGLEWVAVIWYDGSNKYYADSVKGRFTISRDNSKNTLYLQMNSLRAEDTAVYYCARGVNPDDILTGVDAFDIWGQGTMVTVSS,DIQMTQSPSTLSASVGDRVTITCRASQSMSSWLAWYQQKPGNAPKLLIYKASSLESGVPSRFSGSGSGTEFTLTISSLQPDDFATYYCQQHNSSPLTFGGGTKVEIK
COV107,C114,1000.0,1000.0,1000.0,,9.51,1000.0,IGHV3-53 (Human),QVQLVESGGGLIQPGGSLKLSCVVSGFTVSKNYISWVRQAPGKGLEWVSVIFAGGSTFYADSVKGRFAISRDNSNNTLFLQMNSLRVEDTAIYYCARGDGELFFDQWGQGTLVTVSS,QSVLTQPPSVSGAPGQRVTISCTGTSSNIGAGYDVHWYQQLPGRAPKVLISGNNIRPSEVPDRFSGSRSGTSASLAITSLQPEDEAQYYCQSYDSSLYAVFGGGTKLTVL
COV107,C115,198.33,958.18,1000.0,,3.4,1000.0,IGHV3-49 (Human),QVQLVESGGGLIKPGRSLRLSCTASGFTFGDYAMTWFRQAPGKGLEWVGFIRSKAYGGTTGYAASVKYRFTISRDDSKSIAYLQMDSLKTEDTAVYYCTRWDGWSQHDYWGQGTLVTVSS,DIVMTQSPLSLSVTPGEPASISCRSSQSLLHSNGNNYFDWYLQKPGQSPQLLIYLGSNRASGVPDRFSGSGSGTDFTLKISRVEAEDVGVYYCMQVLQIPYTFGQGTKLEIK
COV107,C116,1000.0,1000.0,1000.0,,37.56,1000.0,IGHV3-30 (Human),QVQLVESGGGVVQPGRSLRLSCAASGFTYSTYAMHWVRQAPGKGLEWVAFISYDGSNKYYADSVKGRFTISRDNSKNTLYLQMNSLRAEDTAVYYCARDFYHNWFDPWGQGTLVTVSS,NFMLTQPHSVSESPGKTVTISCTGSSGSIASNYVQWYQQRPGSAPTTVIYEDNQRPSGVPDRFSGSIDRSSNSASLTISGLKTEDEADYYCQSYDSGNHWVVFGGGTRLTVL
COV107,C117,348.0,1000.0,1000.0,,5.38,1000.0,IGHV3-30 (Human),QVQLVESGGGVVQPGRSLRLSCAASGFTFSTYAMHWVRQAPGEGLEWVAVISYDGSNTYYADSVKGRFTISRDNSKNTLYLQMNSLRAEDTAVYYCARDPIWFGELLSPPFVHFDYWGQGTLVTVSS,QSVLTQPPSVSAAPGQKVTISCSGSSSNIGNNLVSWYQQLPGTAPKLLIYENNKRPSGIPDRFSGSKSGTSATLGITGLQTGDEADYYCGAWDSSLSAGGVYVFGTGTKVTVL
COV107,C118,103.69,417.76,1000.0,138.36,3.45,3.82,IGHV3-30 (Human),QVQLVESGGGVVQPGRSLRLSCAASGFTFSNYAMHWVRQAPGKGLEWVAVISYDGSNKYYADSVKGRFTISRDNSKNTLYLQMNSLRAEDTAIYYCASGYTGYDYFVRGDYYGLDVWGQGTTVTVSS,QPVLTQSPSASASLGASVKLTCTLSSGHSSYAIAWHQQQPEKGPRYLMKLNTDGSHSKGDGIPDRFSGSSSGAERYLTISSLQSEDEADYYCQTWGTGILVFGGGTKLTVL
COV107,C119,9.12,39.45,97.78,,3.57,1000.0,IGHV1-46 (Human),QVQLVQSGAEVKKPGASVKVSCKASGYTFTSYYMHWVRQAPGQGLEWMGIINPSGGSTSYAQKLQGRVTMTRDTSTSTVYMELSSLRSEDTAVYYCARANHETTMDTYYYYYYMDVWGKGTTVTVSS,QSALTQPASVSGSPGQSITISCTGTSSDVGGYKYVSWYQRHPGKAPKLMIYDVSNRPSGVSNRFSGSKSGNTASLTISGLQAEDEADYYCSSYTSSSTSVVFGGGTQLTVL
COV107,C120,13.26,26.73,40.3,,1.41,1000.0,IGHV3-53 (Human),EVQLVESGGGLIQPGGSLRLSCAASGFTVSSNYMTWVRQAPGKGLEWVSLIYPGGSTYYADSVKGRFTISRDNSKNTLYLQMNSLRAEDTAVYYCAREGMGMAAAGTWGQGTLVTVSS,AIRMTQSPSSLSASVGDTVTITCQASQDISKYLNWYQQKPGKAPKLLIYDASNLETGVPSRFSGSGSGTDFTFTISSLQPEDIATYYCQQYDNLPQTFGGGTKVEIK
COV107,C121,6.73,14.31,22.33,,2.85,1000.0,IGHV1-2 (Human),QVQLVQSGAEVKKPGASVKVSCKASGYTFTGYYMHWVRQAPGQGLEWMGWISPVSGGTNYAQKFQGRVTMTRDTSISTAYMELSRLRSDDTAVYYCARAPLFPTGVLAGDYYYYGMDVWGQGTTVTVSS,QSALTQPASVSGSPGQSITISCTGTSSDVGSYNLVSWYQQHPGKAPKLMIYEGSKRPSGVSNRFSGSKSGNTASLTISGLQAEDEADYYCCSYAGSSTLVFGGGTKLTVL
COV107,C122,22.8,57.77,100.12,,2.67,1000.0,IGHV3-53 (Human),EVQLVESGGGLIQPGGSLRLSCAASGLTVSSNYMSWVRQAPGKGLEWVSVLYSGGSSFYADSVKGRFTISRDNSKNTLYLQMNSLRAEDTAVYYCARESGDTTMAFDYWGQGTLVTVSS,DIQLTQSPSFLSASVGDRVTITCRASQGISSYLAWYQQKPGKAPKLLIYAASTLQSGVPSRFSGSGSGTEFTLTISSLQPEDFATYYCQQLNSDSYTFGQGTKLEIK
COV107,C123,149.22,355.47,595.51,,1.92,1000.0,IGHV3-53 (Human),EVQLVESGGGLIQPGGSLRLSCAASGVTVSRNYMSWVRQAPGKGLEWVSVIYSGGSTYYADSVKGRFTISRDNSKNTLYLQMNSLRAEDTAVYYCARDLSAAFDIWGQGTMVTVSS,DIQLTQSPSFLSASVGDRVTITCRASQGISSYLAWYQQKPGKAPKLLIYAASTLQSGVPSRFSGSGSGTEFTLTISSLQPEDFATYYCQQLNSYPPAFGQGTRLEIK
COV107,C124,341.82,937.26,1000.0,,2.23,1000.0,IGHV3-48 (Human),EVQLVESGGGLVQPGGSLRLSCAASGFTFSGYSMNWVRQAPGKGPEWVSYISRSSSTIYYADSVKGRFTISRDNAKNSLYLQMNSLRDEDTAVYYCAREGARVGATYDTYYFDYWGQGTLVTVSS,EIVLTQSPATLSLSPGERATLSCRASQSFSSYLAWYQQKPGQAPRLLIYDASNRATGIPARFSGSGSGTDFTLTISSLEPEDFAVYYCQQRNNWPPEWTFGQGTKVEIK
COV107,C125,43.32,92.54,144.26,,1.87,1000.0,IGHV1-58 (Human),QVQLVQSGPEVKKPGTSVKVSCKASGFTFTSSAVQWVRQARGQRLEWIGWIVVGSGNTNYAQKFQERVTITRDMSTSTAYMELSSLRSEDTAVYYCAAPYCSGGSCSDAFDIWGQGTMVTVSS,EIVLTQSPGTLSLSPGERATLSCRASQSVSSSYLAWYQQKPGQAPRLLIYGASSRATGIPDRFSGSGSGTDFTLTISRLEPEDFAVYYCQQYGSSPWTFGQGTKVEIK
COV107,C126,1000.0,1000.0,1000.0,,4.78,1000.0,IGHV4-59 (Human),QVQLQESGPGLVKPSETLSLSCAVSGGSIGSYFWSWIRQPPGKGLEWIGYLHYSGSTNYNPSLKSRVTISVDTSKNQFSLKLSSVTAADTAVYYCARLQWLRGAFDIWGQGTMVTVSS,NFMLTQPHSVSESPGKTVTISCTGSSGSIASNYVQWYQQRPGSAPTTVINEDNQRPSGVPDRFSGSIDSSSNSASLTISGLKTEDEADYYCQSYDSSNLVFGGGTKLTVL
COV107,C127,68.74,190.96,347.31,,2.62,1000.0,IGHV1-2 (Human),QVQLVQSGAEVKKPGASVKVSCKASGYTFTGYYMHWVRQAPGQGLEWMGWINPNSGGTNYAQKFQGRVTMTRDTSISTAYMELSRLRSDDTAVYYCATAHPRRIQGVFFLGPGVWGQGTTVTVSS,QSVLTQPPSASGTPGQRVTISCSGSSSNIGSNTVNWYQQLPGTAPKLLIYSNNQRPSGVPDRFSGSKSGTSASLAISGLQSEDEADYYCAAWDDSLNGVVFGGGTKLTVL
COV072,C128,101.22,263.35,460.73,,1.95,1000.0,IGHV3-23 (Human),EVQLLESGGGLVQPGGSLRLSCAASGFTFSTYAMSWVRQAPGKGLEWVSTITGSGRDTYYADSVKGRFTISRDNSKNTLFLQLNSLRAEDAAVYSCANHPLASGDDYYHYYMDVWGKGTTVTVSS,EIVLTQSPGTLSLSPGERATLSCRASQSVNSRQLAWYQQKPGQAPRLLIYGASSRATGIPERFSGSGSGTDFTLTISRLESEDFAVYHCQQYGSSRALTFGGGTKVEIK
COV072,C129,10.85,31.48,59.47,,1.16,,Other,QVQLVESGGGVVQPGRSLRLSCAASGFTFSSYGMNWVRQAPGKGLEWVAVISYDGSNTYYTDSVKGRFTISRDNSKNTLYLQMNSLRVDDTATYYCAKGPRFGWSYRGGSGFDIWGQGTMVTVSS,DIQMTQSPSSLSASVGDRVTITCQASQDISNYLNWYQQKPGKAPKLLIYDASNLETGVPSRFSGSESGTDFTFTISSLQPEDIATYYCQQYDNLPITFGQGTRLEIK
COV072,C130,1000.0,1000.0,1000.0,,2.05,1000.0,IGHV1-46 (Human),QVQLVQSGAEVKKPGASVKVSCKASGYTFTNYYMHWVRQAPGQGLEWMGIINPSGGSTGYAQKFQGRVTMTRDTSTSTVYMELSSLRSEDTAVYYCARSRPTPDWYFDLWGRGTLVTVSS,SYELTQPPSVSVAPGKTARITCGGNNIGSKSVHWYQQKPGQAPVLVIYYDSDRPSGIPERFSGSNSGNTATLTISRVEAGDEADYYCQVWDSSSDHPGVVFGGGTKLTVL
COV072,C131,30.52,178.9,759.11,,1.67,1000.0,IGHV1-69 (Human),QVQLVQSGSEVKKPGSSVKVSCKASGGTFSSYAFSWVRQAPGQGLEWMGRIIPILALANYAQKFQGRVTITADKSTSTAYMELSSLRSEDTAVYYCARVNQAVTTPFSMDVWGQGTTVTVSS,EIVMTQSPATLSVSPGERATLSCRASQSVSSNLAWYQQKPGQAPRLLIYGASTRATGIPARFSGSGSGTEFTLTISSLQSEDFAVYYCQQYNNWPITFGQGTRLEIK
COV072,C132,708.67,1000.0,1000.0,,2.92,1000.0,IGHV4-4 (Human),QVQLQESGPGLVKPSGTLSLTCAVSGGSISSNNWWSCVRQPPGKGLEWIGEIYHSGSTNYNPSLKSRVTISVDKSKNQFSLKLSSVTAADTAVYYCARGGDTAMGPEYFDYWGQGTLVTVSS,QSALTQPASVSGSPGQSITISCTGTSSDVGGYNYVSWYQQHPGKAPKLMIYDVSNRPSGVSNRFSGSKSGNTASLTISGLQAEDEADYYCSSYTSSSTLLFGGGTKLTVL
COV072,C133,1000.0,1000.0,1000.0,,1.98,1000.0,IGHV3-30 (Human),QVQLVESGGGVVQPGRSLRLSCAASGFTFSSYAMHWVRQAPGKGLEWVAVILYDGSNKYYADSVKGRFTISRDNSKNTLYLQMNSLRAEDTAVYYCARDSDVDTSMVTWFDYWGQGTLVTVSS,DIQMTQSPSSLSASVGDRVTITCRASQSISSYLNWYQQKPGKAPKLLIYAASSLQSGVPSRFSGSGSGTDFTLTISSLQPEDFATYYCQQSYSTPPWTFGQGTKVEIK
COV072,C134,1000.0,1000.0,1000.0,,1.57,1000.0,IGHV3-23 (Human),EVQLLESGGGLVQPGGSLRLSCAASGFTFSNYAMSWVRQAPGKGLEWVSAISGSDGSTYYAGSVKGRFTISRDNSKNTLYLQMNSLRAEDTAVYYCAKDPLITGPTYQYFHYWGQGTLVTVSS,SYELTQPPSVSVAPGKTARITCGGNNIGSKSVHWYQQKPGQAPVLVIYYDSDRPSGIPERFSGSNSGNTATLTISRVEAGDEAEYHCQVWDSSSDRPGVVFGGGTKLTVL
COV072,C135,16.61,32.81,48.9,,1.8,1000.0,IGHV3-30 (Human),QVQLVESGGGVVQPGRSLRLSCAASGFTFSSYAMHWVRQAPGKGLEWVAVIPFDGRNKYYADSVTGRFTISRDNSKNTLYLQMNSLRAEDTAVYYCASSSGYLFHSDYWGQGTLVTVSS,DIQMTQSPSTLSASVGDRVTITCRASQSISNWLAWFQQKPGKAPKLLIYEASSLESGVPSRFSGSGSGTEFTLTISSLQPDDFATYYCQQYNSYPWTFGQGTKVEIK
COV072,C138,1000.0,1000.0,1000.0,,2.94,1000.0,IGHV3-7 (Human),EVQLVESGGGLVQPGGSLRLSCAASGFTFSTYWMSWVRQPPGKGLEWVANIKQDGSEKYYVDSVKGRFTISRDNAKNSLYLQMNSLRADDTAVYYCAGGTWLRSSFDYWGQGTLVTVSS,NFMLTQPHSVSESPGKTVTISCTGSSGSIASNYVQWYQQRPGSAPTTVIYEDNQRPSGVPDRFSGSIDSSSNSASLTISGLKTEDEADYYCQSYDSSNWVFGGGTKLTVL
COV072,C139,1000.0,1000.0,1000.0,,1.89,1000.0,IGHV3-30-3 (Human),EVQLVESGGGVVQPGRSLRLSCAASGFTFSSYAMHWVRQAPGKGLEWVAVISYDGSNKYSADSVKGRFTISRDNSKNTLYLQMNSLRAEDTAVYYCAKGGAYSYYYYMDVWGKGTTVTVSS,DIQMTQSPSSLSASVGDRVTITCQASQDISNYLNWYQQKPGKAPKLLIYDASNLETGVPSRFSGSGSGTDFTFTISSLQPEDIATYYCQQYDNLPLTFGGGTKVEIK
COV072,C140,23.88,66.24,120.69,,2.19,1000.0,IGHV3-66 (Human),EVQLVESGGGLVQPGGSLRLSCAASGVTVSSNYMSWVRQAPGKGLEWVSLIYSGGSTFYADSVKGRFTISRDNSENTLYLQMNTLRAEDTAVYYCARDLYYYGMDVWGQGTTVTVSS,DIQLTQSPSFLSASVGDRVTITCRASQGISSYLAWYQQKPGKAPKLLIYAASTLQSGVPSRFSGSGSGTEFTLTISSLQPEDFATYYCQQLNSYSYTFGQGTKLEIK
COV072,C141,1000.0,1000.0,1000.0,1000.0,1.71,1000.0,IGHV3-30 (Human),EVQLVESGGGVVQPGRSLRLSCAASGFTFSSYAMFWVRQAPGKGLEWVAVISYDGSNKYYADSVKGRFTISRDNSKNTLYLQMNSLRAEDTAVYYCARADLGYCTNGVCYVDYWGQGTLVTVSS,NFMLTQPHSVSESPGKTVTISCTGSSGSIASNYVQWYQQRPGSAPTTVIYEDNQRPSGVPDRFSGSIDSSSNSASLTISGLKTEDEADYYCQSYDSSNWVFGGGTKLTVL
COV047,C143,1000.0,1000.0,1000.0,,3.66,1000.0,IGHV3-66 (Human),EVQLVESGGGLVQPGGSLRLSCAASGFSVSTKYMTWVRQAPGKGLEWVSVLYSGGSDYYADSVKGRFTISRDNSKNALYLQMNSLRVEDTGVYYCARDSSEVRDHPGHPGRSVGAFDIWGQGTMVTVSS,QSALTQPASVSGSPGQSITISCTGTSNDVGSYTLVSWYQQYPGKAPKLLIFEGTKRSSGISNRFSGSKSGNTASLTISGLQGEDEADYYCCSYAGASTFVFGGGTKLTVL
COV047,C144,6.91,17.28,29.66,,3.24,1000.0,IGHV3-53 (Human),EVQLVESGGGLIQPGGSLRLSCAASGFTVSNNYMSWVRQAPGKGLEWVSVIYSGGSTYYADSVKGRFTISRDKSKNTLYLQMNRLRAEDTAVYYCAREGEVEGYNDFWSGYSRDRYYFDYWGQGTLVTVSS,QSALTQPASVSGSPGQSITISCTGTSSDVGGYNYVSWYQQHPGKAPKLMIYDVSNRPSGVSNRFSGSKSGNTASLTISGLQAEDEADYYCSSYTSSSTRVFGTGTKVTVL
COV047,C145,3.04,14.51,36.79,,3.86,1000.0,IGHV3-53 (Human),EVQLVESGGGLIQPGGSLRLSCAASGFSVSSNYMSWVRQAPGKGLEWVSVIYSGGSTYYADSVKGRFTISRDNSKNTLYLQMNSLRAEDTAVYYCAREGEVEGYYDFWSGYSRDRYYFDYWGQGTLVTVSS,QSALTQPASVSGSPGQSITISCTGTSSDVGGYNYVSWYQQHPGKAPKLMIYDVSNRPSGVSNRFSGSKSGNTASLTISGLQAEDEADYYCSSYTSSTTRVFGTGTRVTVL
COV047,C146,1000.0,1000.0,1000.0,,1000.0,1000.0,IGHV3-21 (Human),EVQLVESGGGLVKPGGSLRLSCAASGLTFTAYRMNWVRQAPGKGLEWLSSISNTNGDIYYADSVKGRFTISRDNAKNSLYLQMNSLRADDTAVYYCARDVASNYAYFDLWGQGTLVTVSS,QSALTQPASVSGSPGQSITISCTGTSSDIGVYNYISWSQQHPGKAPKVMIYDVTNRPSGVSNRFSGSKSGNTASLTISGLQAEDEADYYCSSYRGSSTPYVFGTGTKVTVL
COV047,C147,1000.0,1000.0,1000.0,,1000.0,1000.0,IGHV5-51 (Human),EVQLVQSGAEVKKPGESLKISCKGSGYRFTNYWIGWVRQMPGKGLEWMGIIYPGDSDTRYSPSFQGQVTISADKSITTAYLQWSSLKASDTAMYYCARLSDRWYSPFDPWGQGTLVTVSS,QAVVTQEPSLTVSPGGTVTLTCGSSTGAVTSGHYPYWFQQKSGQAPRTLIYETSIKHSWTPARFSGSLLGGKAALTLSGAQPEDEADYYCLLSYSGARPVFGGGTKLTVL
COV047,C148,1000.0,1000.0,1000.0,,64.69,1000.0,IGHV3-66 (Human),EVQLVESGGGLVQPGGSQRLSCAASGFTVSSNYMSWIRQAPGKGLEWVSVIYSGGSAYYVDSVKGRFTISRDNSKNTLYLQMNSLRPEDTAVYYCARIANYMDVWGKGTTVTVSS,EIVMTQSPATLSVSPGERATLSCRASQSVSSHLAWYQQKPGQAPRLLIYGASTRATGIPTRFSGSGSGTEFTLTISSLQSEDFAVYYCQQYNNWPPLTFGGGTKVEIK
COV047,C149,45.42,139.99,271.02,,1.79,,Other,QVQLVESGGGVVQPGRSLRLSCAASGFTFSTYGMHWVRQAPGKGLEWVAVISYDGSNKYFADSVKGRFTISRDNSKNTLYLQMNSLRPEDTAVYYCAKVGMEYSSGWYGEEIDFWGQGTLVTVSS,DIQMTQSPSSLSASVGDRVTITCRASQSISSYLNWYQQKPGKVPKLLIYAASSLQSGVPSRFSGSGSGTDFTLTISSLQPEDFATYYCQQSYRTPLTFGGGTKVEIK
COV047,C150,1000.0,1000.0,1000.0,,8.11,1000.0,IGHV3-74 (Human),EVQLVESGGGLVQPGGSLRLSCVASGFTFSSYWMHWVRQVPGKGPVWVSHINSEGSSTNYADSVRGRFTISRDNAKDTLYLQMNNLRAEDTAVYYCARPTAVAAAGNYFYYYGMDVWGQGTTVTVSS,QSALTQPASVSGSPGQSITISCTGTSSDVGYYNFVSWYQQHPGKAPKLMIYEVSNRPSGVSNRFSGSKSGNTASLIISGLQAEDEADYYCSSYRSSSTLVFGGGTKLTVL
COV047,C151,31.79,363.97,1000.0,,4.3,1000.0,IGHV3-21 (Human),EVQLVESGGGLVKPGGSLRLSCAASGFTFSSYNMNWVRQAPGKGLEWVSCISSSSSYIYYADSVKGRFTISRDNAKNSLYLQMNSLRAEDTAVYYCARERGYDGGKTPPFLGGQGTLVTVSS,NFMLTQPHSVSESPGKTVTISCTGSSGSIASNYVQWYQQRPGSAPTTVIYEDNQRPSGVPDRFSGSIDSSSNSASLTISGLKTEDEADYYCQSYDSSNYWVFGGGTKLTVL
COV047,C152,22.27,122.06,330.67,,1.88,,Other,QVQLVQSGAEVKKPGASVKVSCKASGYTFTSYGISWVRQAPGQGLEWMGWISAYNGNTNYAQKLQGRVTMTTDTSTSTAYMELRSLRSDDTAVFYCARDRGGHDFWSGYGFYYYYGMDVWGQGTTVTVSS,DIQMTQSPSSLSASVGDRVTITCRASQGISNYLAWYQQRPGKVPKLLIFAASTLQSGVPSRFSGSGSGTDFTLTISSLQPEDVATYYCQKYNSAPRTFGQGTKVEIK
COV047,C153,70.71,490.08,1000.0,,3.17,1000.0,IGHV3-53 (Human),EVQLVESGGGLIQPGGSLRLSCAASGFTVSSNYMSWVRQAPGKGLEWVSVIYSGYSTYYVDSVKGRFTISRDNSKNTLYLQMNSLRAEDTAVYYCARVGGAHSGYDGSFDYWGQGTLVTVSS,QSALTQPASVSGSPGQSITISCTGTSSDVGSYNLVSWYQQHPGKAPKLMIYEGSKRPSGVSNRFSGSKSGNTASLTISGLQAEDEADYYCCSYAGSSTWVFGGGTKLTVL
COV047,C154,435.5,1000.0,1000.0,1000.0,2.92,10.65,IGHV3-30 (Human),QVQLVESGGGVVQPGRSLRLSCAASGFTFSRYGMHWVRQAPGKGLEWVAVMSYDGSSKYYADSVKGRFTISRDNSKNTLCLQMNSLRAEDTAVYYCAKQAGPYCSGGSCYSAPFDYWGQGTLVTVSS,DIQMTQSPSSLSASVGDRVTITCQASQGISNYLNWYQQKPGKAPKLLIYDASNLETGVPSRFSGSGSGTDFTFTISSLQPEDIATYYCQQYDNLPITFGQGTRLEIK
COV047,C155,11.0,35.75,77.01,,3.3,1000.0,IGHV3-53 (Human),EVQLVESGGGLIQPGGSLRLSCAASGFIVSSNYMSWVRQAPGKGLEWVSVIYSGGSTFYADSVKGRFTISRDNSKNTLYLQMNSLRAEDTAVYYCARDFGEFYFDYWGQGTLVTVSS,EIVMTQSPATLSVSPGERATLSCRASQSVSSNLAWYQQKPGQAPRLLIYGASTRATAIPARFSGSGSGTEFTLTISSLQSEDFAVYYCQQYNNWPRTFGQGTKVEIK
COV047,C156,1000.0,1000.0,1000.0,,3.32,1000.0,IGHV3-30 (Human),QVQLVESGGGVVQPGRSLRLSCAASGFTFSNYGMHWVRQAPGKGLEWVAVISYDGNNKYYADSVKGRFTISRDNSKNTLYLQMNSLRAEDTAVYYCAKDPFPLAVAGTGYFDYWGQGTLVTVSS,SYELTQPPSVSVAPGQTARISCGGNNIGSKNVHWYQQKPGQAPVLVVYDDSDRPSGIPERFSGSNSGNTATLTISRVEAGDEADYYCQVWDSSSDPWVFGGGTKLTVL
COV047,C160,1000.0,1000.0,1000.0,,2.54,,Other,QVQLVQSGAEVKKPGASVKVSCKASGYTFTSYGISWVRQAPGQGLEWMGWISAYNGNTNYAQKLQGRVTMTTDTSTSTAYMELRSLRSDDTAVYYCARVPASYGDDDYYYYYGMDVWGQGTTVTVSS,SYELTQPPSVSVSPGQTARITCSGDALPKQYAYWYQQKPGQAPVLVIYKDSERPSGIPERFSGSSSGTTVTLTISGVQAEDEADYYCQSADSSGTLWVFGGGTKLTVL
COV107,C161,42.32,232.17,581.63,,1.63,,Other,QVQLQQWGAGLLKPSETLSLTCAVSGGSLSGFYWTWIRQPPGKGLEWIGETNHFGSTDYKPSLKSRVTISVDMSRNQFSLIMTSVTAADTAVYYCARKTLLFSDFSPGAFDIWGQGTMVTVSS,EIVLTQSPGTLSLSPGERATLSCRASQTLTANYLAWYQQKPGQAPRLLIYGASKRATGIPDRFSGSGSGTDFTLSISRLEPEDFAVYYCQQYGTTPRTFGGGTKVEI
COV107,C162,14.44,59.81,138.75,,1.18,,Other,QVQLQQWGAGLLKPSETLSLTCAVSGGSLSGFYWTWIRQPPGKGLEWIGETNHFGSTDYKASLKSRVTISVGMSRNQFSLKVTSLTAADTAVYYCARKPLLYSDFSPGAFDVWGQGTMVTVSS,EIVLTQSPGTLSLSPGERATLSCRASQTLTANYLAWYQQKPGQAPRLLIYGASKRAAGIPDRFSGSGSGTDFTLSITRLEPEDFAVYYCQQYHTTPRTFGGGTKVEI
COV107,C163,9.65,29.45,57.97,,1.77,,Other,QVQLQQWGAGLLKPSETLSLTCAVSGGSLSGFYWTWIRQPPGKGLEWIGETNHFGSTDYKPSLKSRVTISVDMSRNQFSLKVTSVTAADTAVYYCARKPLLHSDLSPGAFDIWGQGTMVTVSS,EIVLTQSPGTLSLSPGERATLSCRASQTVSANYLAWYQQKAGQAPRLLIYGASKRATGIPDRFSGSGSGTDFTLSISRLEPEDFAVYYCQQYVTTPRTFGGGTKVEI
COV047,C164,239.15,865.4,1000.0,,2.06,1000.0,IGHV3-66 (Human),EVQLVESGGGLVQPGGSLRLSCAASGFSVSTKYMTWVRQAPGKGLEWVSVLYSGGSDYYADSVKGRFTISRDNSKNALYLQMNSLRVEDTGVYYCARDSSEVRDHPGHPGRSVGAFDIWGQGTMVTVSS,QSALTQPASVSGSPGQSITISCTGTSNDVGSYTLVSWYQQYPGKAPKLLIFEVTKRSSGISNRFSGSKSGNTASLTISGLQGEDEADYYCCSYAGASTFVFGGGTKLTVL
COV072,C165,40.81,138.66,297.38,,4.25,1000.0,IGHV1-69 (Human),QVQLVQSGAEVKKPGSSVKVSCKASGGTFSSYAINWVRQAPGQGLEWMGRIIPIVGIANYAQKFQGRVTITADKSSSTAYMELSSLRSEDTAVYYCARDLLDPQLDDAFDIWGQGTMVTVSS,EIVLTQSPGTLSLSPGERATLSCRASQSVSSTYLAWYQQKPGQAPRLLIYGASSRATGIPDRFSGSGSGTDFTLTISRLEPEDFAVYYCQQYGSSPWTFGQGTKVEIK
COV96,C201,1000.0,1000.0,1000.0,,2.98,1000.0,IGHV3-9 (Human),EVQLVESGGGLVQPGRSLRLSCAASGFTFDDYAMHWVRQAPGKGLEWVSGISWNSGSIGYADSVKGRFTISRDNAKNSLYLQMNSLRAEDTALYYCVKGVEYSSSSNFDYWGQGTLVTVSS,IRMTQSPSSVSASVGDRVTITCRASQGISSWLAWYQQKPGKAPKLLIYVESSLQSGVPSRFSGSGSGTDFTLTISSLQPEDFATYYCQQANSFPLTFGGGTKVEIK
COV96,C202,1000.0,1000.0,1000.0,,3.4,1000.0,IGHV3-66 (Human),EVQLVESGGGLVQPGGSLRLSCAASGFTVSSNYMSWVRQAPGKGLEWVSLIYSGGSTYYADSVKGRFTISRDNSKNTLYLQMNSLRAEDTAVYYCARDTLGRGGDYWGQGTLVTVSS,DIQLTQSPSSLSASVGDRVTITCQASQDISNYLNWYQQKPGKAPKLLIYDASNLETGVPSRFSGSGSGTDFTFTISSLQPEDIATYYCQQYDNLPRSFGQGTKLEIK
COV96,C204,1000.0,1000.0,1000.0,1000.0,3.73,9.41,IGHV3-23 (Human),EVQLLESGGGLEQPGGSLRLSCAASGFTFSTYAMSWVRQAPGKGLEWVSAISGSGAGTFYADSVKGRFTISRDNSKNTLYLQMNSLRAEDTAVYYCARESDCGSTSCYQVGWFDPWGQGTLVTVSS,DIQLTQSPSSLSASVGDRVTITCRASQSISSYLNWYQQKPGKAPKLLIYAASSLQSGVPSRFSGSGSGTDFTLTISSLQPEDFATYYCQQSYSTPPWTFGQGTKVEIK
COV96,C205,1000.0,1000.0,1000.0,,1000.0,1000.0,IGHV1-46 (Human),QVQLVQSGAEVKKPGASVKVSCKASGHTFTSYYMHWVRQAPGQGLEWMGIINPSGGSTSYAQKFQGRVTMTRDTSTSTVYMELSSLRSEDTAVYYCARGPERGIVGATDYFDYWGQGTLVTVSS,EIVLTQSPGTLSLSPGERATLSCRASQSVSSSYLAWYQQKPGQAPRLLIYGASSRATGIPDRFSGSGSGTDFTLTISRLEPEDFAVYYCQQYVSSPWTFGQGTKVEIK
COV96,C207,158.52,960.39,1000.0,,1.87,1000.0,IGHV3-23 (Human),EVQLLESGGGLVQPGGSLRLSCAASGFTFSSYAMSWVRQAPGKGLEWVSAISGSGGSTYYADSVKGRFTISRDNSKNTLYLQMNSLRAEDTAVYYCAKEPIGQPLLWWDYWGQGTLVTVSS,EIVLTQSPATLSLSPGERATLSCRASQSVSSYLAWYQQKPGQAPRLLIYDASNRATGIPARFSGSGSGTDFTLTISSLEPEDFAVYYCQQRSNWPRGFGQGTKVEIK
COV96,C208,1000.0,1000.0,1000.0,,1000.0,1000.0,IGHV5-51 (Human),EVQLVQSGAEVKKPGESLKISCKGSGYSFTSYWIGWVRQMPGKGLEWMGIIYPGDSDTRYSPSFQGQVTISADKSISTAYLKWSSLKASDSAMYYCARGPNLQNWFDPWGQGTLVTVSS,EIVLTQSPGTLSLSPGERATLSCRASQSVSGSYLAWYQQRPGQAPRLLIYGASSRATGIPDRFSGSGSGTDFTLTISRLEPEDFAVYYCQQYGSSLTFGGGTKVEIK
COV96,C209,1000.0,1000.0,1000.0,,3.79,1000.0,Other,QVQLVQSGAEVKKSGASVKVSCKASGYTFTSYDINWVRQATGQGLEWMGWMNPNSGNTGYAQKFQGRVTMTRNTSISTAYMXLSSLXSXXTAVYYCAXGFSLTWYFDLWGRGXLVTXSS,SYELTQPPSVSVAPGKTARITCGGNNIGSKSVHWYQQKPGHAPVLVVYDDSDRPSGIPERFSGSNSGNTATLTISRVEAGDEADYYCQVWDSTGGHPDVVFGGGTKLTVL
COV96,C210,50.73,155.24,298.9,,2.83,1000.0,IGHV3-53 (Human),EVQLVESGGGLIQPGGSLRLSCAASGFTVSSNYMSWVRQAPGKGLEWVSVIYSGGSTFYADSVKGRFTFSRDNSKNTLYLQMNSLRAEDTAVYYCARDLMAYGMDVWGQGTTVTVSS,DIQLTQSPSFLSASVGDRVTITCRASQGISSYLAWYQQKPGKAPKLLIYAASTLQSGVPSRFSGSGSGTEFTLTISSLQPEDFATYYCQQLNSYPQGTFGGGTKVEIK
COV96,C211,12.79,34.87,62.89,,2.82,1000.0,IGHV3-66 (Human),EVQLVESGGGLVQPGGSLRLSCAASEFTVSSNYMSWVRQAPGKGLEWVSVIYSGGSTFYADSVKGRFTISRDNSKNTLYLQMNSLRPEDTAVYYCARDYGDFYFDFWGQGTLVTVSS,EIVMTQSPATLSVSPGERATLSCRASQSVSSNLAWYQQKPGQGPRLLIYGASTRATGIPARFSGSGSGTEFTLTISSLQSEDFAVYYCQQYNNWPRTFGQGTKVEIK
COV96,C212,1000.0,1000.0,1000.0,,1000.0,1000.0,IGHV1-2 (Human),QVQLVQSGAEVKKPGASVKVSCKASGYTVTGYYIHWVRQAPGQGLEWMGWISPNSGGTNYAQKFQGWVTMTRDMSITTAYMELSRLRSDDTAVYYCARERYFDLGGMDVWGQGTTVTVSS,LTQPASVSGSPGQSITISCTGTSSDVGSYNLVSWYQQHPGKAPKLMIYEDSKRPSGVSNRFSGSKSGNTASLTISGLQAEDEADYYCCSYAGSSTRLFGGGTKLTVL
COV96,C214,1000.0,1000.0,1000.0,,5.75,1000.0,IGHV3-33 (Human),QVQLVESGGGVVQPGRSLRLSCAASGFTFSSYGMHWVRQAPGKGLEWVAAIWYDGSNKHYADSVKGRFTISRDNSKNTLYLQMNSLRAEDTAVYYCARDVGRVTTWFDPWGQGTLVTVSS,DIQLTQSPSSLSASVGDRVTITCRASQSISSYLTWYQQKPGKAPKLLIYAASSLQSGVPSRFSGSGSGTDFTLTISSLQPEDFATYYCQQSYSTPPWTFGQGTKVEIK
COV96,C215,1000.0,1000.0,1000.0,1000.0,5.33,17.94,IGHV3-23 (Human),EVQLLESGGGLVQPGGSLRLSCAASGFTFSSYAMSWVRQAPGKGLEWVSAITDSGDGTFYADSVKGRFTISRDNSKNTLYLQMNSLRAEDTAVYYCASEEDYSNYVGWFDPWGQGTLVTVSS,DIQLTQSPSSLSASVGDRVTITCRASQSISSYLNWYQQKPGKAPKLLIYAASSLQSGVPSRFSGSGSGTDFTLTISSLQPEDFATYYCQQSYSTPPWTFGQGTKVEIK
