participant_id,antibody_id,sars_cov_2_ic50_ngml,sars_cov_2_ic80_ngml,sars_cov_2_ic90_ngml,sars_cov_ic50_ngml,sars_cov_2_rbd_ec50_ngml,sars_cov_rbd_ec50_ngml,heavy_v_gene,heavy_chain,light_chain,heavy_chain_aligned,light_chain_aligned,sequence
COV21,C002,8.88,21.95,37.61,,3.14,1000.0,IGHV3-30 (Human),EVQLVESGGGVVQPGRSLRLSCAASGFTFSIYGMHWVRQAPGKGLEWVAVISYDGSNKYYADSVKGRFTISRDNSKNTLYLQMNSLRAEDTAVYYCAKEGRPSDIVVVVAFDYWGQGTLVTVSS,DIQLTQSPSSLSASVGDRVTITCRASQSISSYLNWYQQKPGKAPKLLIYAASSLQSGVPSRFSGSGSGTDFTLTISSLQPEDFATYYCQQSYSTPRTFGQGTKVEIK,EVQLVESGGGVVQPGRSLRLSCAASGFTF--SIYGMHWVRQAPGKGLEWVAVISY--DGSNKYYADSVKGRFTISRDNSKNTLYLQMNSLRAEDTAVYYCAKEGRPSDI------V-----VV---VAFDYWGQGTLVTVSS,DIQLTQSPSSLSASVGDRVTITCRASQSIS-----SYLNWYQQKPGKAPKLLIYA----ASSLQSGVPSRFSGS--GSGTDFTLTISSLQPEDFATYYCQQSYSTP-----RTFGQGTKVEIK,EVQLVESGGGVVQPGRSLRLSCAASGFTF--SIYGMHWVRQAPGKGLEWVAVISY--DGSNKYYADSVKGRFTISRDNSKNTLYLQMNSLRAEDTAVYYCAKEGRPSDI------V-----VV---VAFDYWGQGTLVTVSSDIQLTQSPSSLSASVGDRVTITCRASQSIS-----SYLNWYQQKPGKAPKLLIYA----ASSLQSGVPSRFSGS--GSGTDFTLTISSLQPEDFATYYCQQSYSTP-----RTFGQGTKVEIK
COV21,C003,313.79,992.62,1000.0,,6.37,1000.0,IGHV3-53 (Human),EVQLVESGGGLIQPGGSLRLSCAASGFTVSSNYMSWVRQAPGKGLEWVSVIYSGGSTYYADSVKGRFTISRDNSKNTLYLQMNSLRAGDTAVYYCARDYGDFYFDYWGQGTLVTVSS,EIVLTQSPGTLSLSPGERATLSCRASQSVSSTYLAWYQQKPGQAPRLLIYGASSRATGIPDRFSGSGSGTDFTLTISRLEPEDFAVYYCQQYGSSPRTFGQGTKLEIK,EVQLVESGGGLIQPGGSLRLSCAASGFTV--SSNYMSWVRQAPGKGLEWVSVIYS--GG-STYYADSVKGRFTISRDNSKNTLYLQMNSLRAGDTAVYYCARDYG--------------------DFYFDYWGQGTLVTVSS,EIVLTQSPGTLSLSPGERATLSCRASQSVS----STYLAWYQQKPGQAPRLLIYG----ASSRATGIPDRFSGS--GSGTDFTLTISRLEPEDFAVYYCQQYGSS----PR-TFGQGTKLEIK,EVQLVESGGGLIQPGGSLRLSCAASGFTV--SSNYMSWVRQAPGKGLEWVSVIYS--GG-STYYADSVKGRFTISRDNSKNTLYLQMNSLRAGDTAVYYCARDYG--------------------DFYFDYWGQGTLVTVSSEIVLTQSPGTLSLSPGERATLSCRASQSVS----STYLAWYQQKPGQAPRLLIYG----ASSRATGIPDRFSGS--GSGTDFTLTISRLEPEDFAVYYCQQYGSS----PR-TFGQGTKLEIK
COV21,C004,10.67,41.08,91.71,,2.39,1000.0,IGHV1-2 (Human),QVQLVQSGAEVKKPGASVKVSCKASGYTFTGYYMHWVRQAPGQGLEWMGWINPISGGTNYAQKFQGRVTMTRDTSISTAYMELSRLRSDDTAVYYCASPASRGYSGYDHGYYYYMDVWGKGTTVTVSS,AIRMTQSPSSLSASVGDRVTITCQASQDISNYLNWYQQKPGKAPKLLIYDASNLETGVPSRFSGSGSGTDFTFTISSLQPEDIATYYCQQYDNLPITFGQGTRLEIK,QVQLVQSGAEVKKPGASVKVSCKASGYTF--TGYYMHWVRQAPGQGLEWMGWINP--ISGGTNYAQKFQGRVTMTRDTSISTAYMELSRLRSDDTAVYYCASPASRGYS---------GYDHGYY-YYMDVWGKGTTVTVSS,AIRMTQSPSSLSASVGDRVTITCQASQDIS-----NYLNWYQQKPGKAPKLLIYD----ASNLETGVPSRFSGS--GSGTDFTFTISSLQPEDIATYYCQQYDNL----P-ITFGQGTRLEIK,QVQLVQSGAEVKKPGASVKVSCKASGYTF--TGYYMHWVRQAPGQGLEWMGWINP--ISGGTNYAQKFQGRVTMTRDTSISTAYMELSRLRSDDTAVYYCASPASRGYS---------GYDHGYY-YYMDVWGKGTTVTVSSAIRMTQSPSSLSASVGDRVTITCQASQDIS-----NYLNWYQQKPGKAPKLLIYD----ASNLETGVPSRFSGS--GSGTDFTFTISSLQPEDIATYYCQQYDNL----P-ITFGQGTRLEIK
COV21,C005,60.49,130.65,205.2,,4.41,1000.0,IGHV1-58 (Human),QVQLVQSGPEVKKPGTSVKVSCKASGFTFTSSAVQWVRQARGQRLEWIGWIVVGSGNTNYAQKFQERVTITRDMSTSTAYMELSSLRSEDTAVYYCAAPHCSGGSCLDAFDIWGQGTMVTVSS,EIVLTQSPGTLSLSPGERATLSCRASQSVRSSYLAWYQQKPGQAPRLLIYGASSRATGIPDRFSGSGSGTDFTLTISRLEPEDFAVYYCQQYGSSPWTFGQGTKVEIK,QVQLVQSGPEVKKPGTSVKVSCKASGFTF--TSSAVQWVRQARGQRLEWIGWIVV--GSGNTNYAQKFQERVTITRDMSTSTAYMELSSLRSEDTAVYYCAAPHCSG---------------GSCLDAFDIWGQGTMVTVSS,EIVLTQSPGTLSLSPGERATLSCRASQSVR----SSYLAWYQQKPGQAPRLLIYG----ASSRATGIPDRFSGS--GSGTDFTLTISRLEPEDFAVYYCQQYGSS----PW-TFGQGTKVEIK,QVQLVQSGPEVKKPGTSVKVSCKASGFTF--TSSAVQWVRQARGQRLEWIGWIVV--GSGNTNYAQKFQERVTITRDMSTSTAYMELSSLRSEDTAVYYCAAPHCSG---------------GSCLDAFDIWGQGTMVTVSSEIVLTQSPGTLSLSPGERATLSCRASQSVR----SSYLAWYQQKPGQAPRLLIYG----ASSRATGIPDRFSGS--GSGTDFTLTISRLEPEDFAVYYCQQYGSS----PW-TFGQGTKVEIK
COV21,C006,321.51,1000.0,1000.0,,1.81,1000.0,IGHV3-11 (Human),QVQLVESGGGLVKPGGSLRLSCAASGFIFSDYCMSWIRRAPGKGLEWLSYISNSGTTRYYADSVKGRFTISRDNGRNSLYLQMDSLSAEDTAVYYCARRGDGSSSIYYYNYMDVWGKGTTVTVSS,QSVLTQPPSASGTPGQRVTVSCSGSSSNIGSNTVNWYQQLPGTAPKLLIYSNNQRPSGVPDRFSGSKSGTSASLAISGLQSEDEADYFCAAWDDSLNGPVFGGGTKLTVL,QVQLVESGGGLVKPGGSLRLSCAASGFIF--SDYCMSWIRRAPGKGLEWLSYISN--SGTTRYYADSVKGRFTISRDNGRNSLYLQMDSLSAEDTAVYYCARRGDGSS-------------SIYYYNYMDVWGKGTTVTVSS,QSVLTQPPS-ASGTPGQRVTVSCSGSSSNI--GSNT-VNWYQQLPGTAPKLLIYS----NNQRPSGVPDRFSGS--KSGTSASLAISGLQSEDEADYFCAAWDDSLN--GP-VFGGGTKLTVL,QVQLVESGGGLVKPGGSLRLSCAASGFIF--SDYCMSWIRRAPGKGLEWLSYISN--SGTTRYYADSVKGRFTISRDNGRNSLYLQMDSLSAEDTAVYYCARRGDGSS-------------SIYYYNYMDVWGKGTTVTVSSQSVLTQPPS-ASGTPGQRVTVSCSGSSSNI--GSNT-VNWYQQLPGTAPKLLIYS----NNQRPSGVPDRFSGS--KSGTSASLAISGLQSEDEADYFCAAWDDSLN--GP-VFGGGTKLTVL
COV21,C008,625.46,1000.0,1000.0,,4.63,1000.0,IGHV3-30 (Human),EVQLVESGGGVVQPGRSLRLSCAASGFTFSSYGMHWVRQAPGKGLEWVTVISYDGRNKYYADSVKGRFTISRDNSKNTLYLQMNSLRAEDTAVYYCAREFGDPEWYFDYWGQGTLVTVSS,DIQMTQSPSTLSASVGDRVTITCRANQSISSWLAWYQQKPGKAPKLLIYKASSLESGVPSRFSGSGSGTEFTLTISSLQPDDFATYYCQQYNSYWTFGQGTKVEIK,EVQLVESGGGVVQPGRSLRLSCAASGFTF--SSYGMHWVRQAPGKGLEWVTVISY--DGRNKYYADSVKGRFTISRDNSKNTLYLQMNSLRAEDTAVYYCAREFGDP------------------EWYFDYWGQGTLVTVSS,DIQMTQSPSTLSASVGDRVTITCRANQSIS-----SWLAWYQQKPGKAPKLLIYK----ASSLESGVPSRFSGS--GSGTEFTLTISSLQPDDFATYYCQQYNSY------WTFGQGTKVEIK,EVQLVESGGGVVQPGRSLRLSCAASGFTF--SSYGMHWVRQAPGKGLEWVTVISY--DGRNKYYADSVKGRFTISRDNSKNTLYLQMNSLRAEDTAVYYCAREFGDP------------------EWYFDYWGQGTLVTVSSDIQMTQSPSTLSASVGDRVTITCRANQSIS-----SWLAWYQQKPGKAPKLLIYK----ASSLESGVPSRFSGS--GSGTEFTLTISSLQPDDFATYYCQQYNSY------WTFGQGTKVEIK
COV21,C009,4.82,14.54,29.34,,1.8,1000.0,IGHV1-2 (Human),QVQLVQSGAEVKKPGASVKVSCMASGYTFTGYYMHWVRQAPGQGLEWMGWINPNSGGTNYAQKFQGRVTMTRDTSISTAYMELSRLRSDDTAVYYCARDSPFSALGASNDYWGQGTLVTVSS,QSALTQPPSASGSPGQSVTISCTGTSSDVGGYNYVSWYQQHPGKAPKLMIYEVSKRPSGVPDRFSGSKSGNTASLTVSGLQAEDEAEYYCSSDAGSNNVVFGGGTKLTVL,QVQLVQSGAEVKKPGASVKVSCMASGYTF--TGYYMHWVRQAPGQGLEWMGWINP--NSGGTNYAQKFQGRVTMTRDTSISTAYMELSRLRSDDTAVYYCARDSPFSAL---------GA-------SNDYWGQGTLVTVSS,QSALTQPPS-ASGSPGQSVTISCTGTSSDV--GGYNYVSWYQQHPGKAPKLMIYE----VSKRPSGVPDRFSGS--KSGNTASLTVSGLQAEDEAEYYCSSDAGSN---N-VVFGGGTKLTVL,QVQLVQSGAEVKKPGASVKVSCMASGYTF--TGYYMHWVRQAPGQGLEWMGWINP--NSGGTNYAQKFQGRVTMTRDTSISTAYMELSRLRSDDTAVYYCARDSPFSAL---------GA-------SNDYWGQGTLVTVSSQSALTQPPS-ASGSPGQSVTISCTGTSSDV--GGYNYVSWYQQHPGKAPKLMIYE----VSKRPSGVPDRFSGS--KSGNTASLTVSGLQAEDEAEYYCSSDAGSN---N-VVFGGGTKLTVL
COV21,C010,1000.0,1000.0,1000.0,1000.0,5.44,1000.0,IGHV3-30 (Human),EVQLVESGGGVVQPGRSLRLSCAASGFTFSSYAMHWVRQAPAKGLEWVAVILYDGSGKYYADSVKGRFTISRDNSKNTLYLQMNSLRAEDTAVYYCARDGIVDTALVTWFDYWGQGTLVTVSS,DIQLTQSPSSLSASVGDRVTITCRASQSISTYLNWYQQKPGKAPKLLIYAASSLQSGVPSRFSGSGSGTDFTLTISSLQPEDFATYYCQQSYSTPPWTFGQGTKVEIK,EVQLVESGGGVVQPGRSLRLSCAASGFTF--SSYAMHWVRQAPAKGLEWVAVILY--DGSGKYYADSVKGRFTISRDNSKNTLYLQMNSLRAEDTAVYYCARDGIVDT---------------ALVTWFDYWGQGTLVTVSS,DIQLTQSPSSLSASVGDRVTITCRASQSIS-----TYLNWYQQKPGKAPKLLIYA----ASSLQSGVPSRFSGS--GSGTDFTLTISSLQPEDFATYYCQQSYSTP---P-WTFGQGTKVEIK,EVQLVESGGGVVQPGRSLRLSCAASGFTF--SSYAMHWVRQAPAKGLEWVAVILY--DGSGKYYADSVKGRFTISRDNSKNTLYLQMNSLRAEDTAVYYCARDGIVDT---------------ALVTWFDYWGQGTLVTVSSDIQLTQSPSSLSASVGDRVTITCRASQSIS-----TYLNWYQQKPGKAPKLLIYA----ASSLQSGVPSRFSGS--GSGTDFTLTISSLQPEDFATYYCQQSYSTP---P-WTFGQGTKVEIK
COV21,C013,42.48,360.59,1000.0,,2.59,1000.0,IGHV1-69 (Human),QVQLVQSGAEVKKPGSSVKVSCKASGGTFSSYAISWVRQAPGQGLEWMGGIIPIFGTANYAQKFQGRVTITADESTSTAYMELSSLRSEDTAVYYCARGNRLLYCSSTSCYLDAVRQGYYYYYYMDVWGKGTTVTVSS,EIVLTQSPATLSLSPGERATLSCRASQSVSSYLAWYQQKPGQAPRLLIYDASNRATGIPARFSGSGSGTDFTLTISSLEPEDFAVYYCQQRSNWPLTFGGGTKVEIK,QVQLVQSGAEVKKPGSSVKVSCKASGGTF--SSYAISWVRQAPGQGLEWMGGIIP--IFGTANYAQKFQGRVTITADESTSTAYMELSSLRSEDTAVYYCARGNRLLYCSSTSCYLDAVRQGYYYYYYMDVWGKGTTVTVSS,EIVLTQSPATLSLSPGERATLSCRASQSVS-----SYLAWYQQKPGQAPRLLIYD----ASNRATGIPARFSGS--GSGTDFTLTISSLEPEDFAVYYCQQRSNWP---L--TFGGGTKVEIK,QVQLVQSGAEVKKPGSSVKVSCKASGGTF--SSYAISWVRQAPGQGLEWMGGIIP--IFGTANYAQKFQGRVTITADESTSTAYMELSSLRSEDTAVYYCARGNRLLYCSSTSCYLDAVRQGYYYYYYMDVWGKGTTVTVSSEIVLTQSPATLSLSPGERATLSCRASQSVS-----SYLAWYQQKPGQAPRLLIYD----ASNRATGIPARFSGS--GSGTDFTLTISSLEPEDFAVYYCQQRSNWP---L--TFGGGTKVEIK
COV21,C016,1000.0,1000.0,1000.0,,7.41,1000.0,IGHV3-30 (Human),EVQLVESGGGVVQPGRSLRLSCAASGFTFSRYGMHWVRQAPGKGLEWVAVISYDGSNKYYADSVKGRFTISRDNSKNTLYLQMNSLRAEDTAVYYCAKVTAPYCSGGSCYGGNFDYWGQGTLVTVSS,AIRMTQSPSSLSASVGDRVTITCQASQDISNYLNWYQQKPGKAPKLLIYDASNLETGVPSRFSGSGSGTDFTFTINSLQPEDIATYYCQQYDNLPPTFGGGTKVEIK,EVQLVESGGGVVQPGRSLRLSCAASGFTF--SRYGMHWVRQAPGKGLEWVAVISY--DGSNKYYADSVKGRFTISRDNSKNTLYLQMNSLRAEDTAVYYCAKVTAPYCS------G-----GSCYGGNFDYWGQGTLVTVSS,AIRMTQSPSSLSASVGDRVTITCQASQDIS-----NYLNWYQQKPGKAPKLLIYD----ASNLETGVPSRFSGS--GSGTDFTFTINSLQPEDIATYYCQQYDNL----P-PTFGGGTKVEIK,EVQLVESGGGVVQPGRSLRLSCAASGFTF--SRYGMHWVRQAPGKGLEWVAVISY--DGSNKYYADSVKGRFTISRDNSKNTLYLQMNSLRAEDTAVYYCAKVTAPYCS------G-----GSCYGGNFDYWGQGTLVTVSSAIRMTQSPSSLSASVGDRVTITCQASQDIS-----NYLNWYQQKPGKAPKLLIYD----ASNLETGVPSRFSGS--GSGTDFTFTINSLQPEDIATYYCQQYDNL----P-PTFGGGTKVEIK
COV21,C017,72.67,256.18,543.87,,1.63,1000.0,IGHV3-9 (Human),EVQLVESGGGLVQPGRSLRLSCAASGFTFDDYAMHWVRQAPGKGLEWVSGISWNSGTIGYADSVKGRFTISRDNAKNSLYLQMNSLRAEDTAFYYCAKAGVRGIAAAGPDLNFDHWGQGTLVTVSS,EIVLTQSPATLSLSPGERATLSCRASQSVSSYLAWYQQKPGQAPRLLIYDASNRATGIPARFSGSGSGTDFTLTISSLEPEDFAVYYCQQRITFGQGTRLEIK,EVQLVESGGGLVQPGRSLRLSCAASGFTF--DDYAMHWVRQAPGKGLEWVSGISW--NSGTIGYADSVKGRFTISRDNAKNSLYLQMNSLRAEDTAFYYCAKAGVRGIA------A------AGPDLNFDHWGQGTLVTVSS,EIVLTQSPATLSLSPGERATLSCRASQSVS-----SYLAWYQQKPGQAPRLLIYD----ASNRATGIPARFSGS--GSGTDFTLTISSLEPEDFAVYYCQQRI---------TFGQGTRLEIK,EVQLVESGGGLVQPGRSLRLSCAASGFTF--DDYAMHWVRQAPGKGLEWVSGISW--NSGTIGYADSVKGRFTISRDNAKNSLYLQMNSLRAEDTAFYYCAKAGVRGIA------A------AGPDLNFDHWGQGTLVTVSSEIVLTQSPATLSLSPGERATLSCRASQSVS-----SYLAWYQQKPGQAPRLLIYD----ASNRATGIPARFSGS--GSGTDFTLTISSLEPEDFAVYYCQQRI---------TFGQGTRLEIK
COV21,C018,1000.0,1000.0,1000.0,,1.53,1000.0,IGHV3-30 (Human),EVQLVESGGGVVQPGRSLRLSCAASGFTFSNYAIHWVRQAPGKGLEWVAVISYDGSNKYYADSVKGRFTISRDNSKNTLYLQMNSLRAEDTAVYYCARDFDDSSFWAFDYWGQGTLVTVSS,DIQLTQSPSSLSASVGDRVTITCRASQSIRSYLNWYQQKPGKAPKLLIYAASSLQSGVPSRFSGSGSGTDFTLTISSLQPDDFATYYCQQSYSTPPATFGQGTKLEIK,EVQLVESGGGVVQPGRSLRLSCAASGFTF--SNYAIHWVRQAPGKGLEWVAVISY--DGSNKYYADSVKGRFTISRDNSKNTLYLQMNSLRAEDTAVYYCARDFDDS--------------SF---WAFDYWGQGTLVTVSS,DIQLTQSPSSLSASVGDRVTITCRASQSIR-----SYLNWYQQKPGKAPKLLIYA----ASSLQSGVPSRFSGS--GSGTDFTLTISSLQPDDFATYYCQQSYSTP---P-ATFGQGTKLEIK,EVQLVESGGGVVQPGRSLRLSCAASGFTF--SNYAIHWVRQAPGKGLEWVAVISY--DGSNKYYADSVKGRFTISRDNSKNTLYLQMNSLRAEDTAVYYCARDFDDS--------------SF---WAFDYWGQGTLVTVSSDIQLTQSPSSLSASVGDRVTITCRASQSIR-----SYLNWYQQKPGKAPKLLIYA----ASSLQSGVPSRFSGS--GSGTDFTLTISSLQPDDFATYYCQQSYSTP---P-ATFGQGTKLEIK
COV21,C019,1000.0,1000.0,1000.0,,11.85,1000.0,IGHV1-46 (Human),QVQLVQSGAEVKKPGASVKVSCKASGYTFTSYYMHWVRQAPGQGLEWMGIINPSGGSTSYAQKFQGRVTMTRDTSTSTVYMELSSLRSEDTAVYYCARVPREGTPGFDPWGQGTLVTVSS,SYELTQPPSVSVAPGKTARITCGENNIGSKSVHWYQQKPGQAPVLVIYYDSDRPSGIPERFSGSNSGNTATLTINRVEAGDEADYYCQVWDSSSDHVVFGGGTKLTVL,QVQLVQSGAEVKKPGASVKVSCKASGYTF--TSYYMHWVRQAPGQGLEWMGIINP--SGGSTSYAQKFQGRVTMTRDTSTSTVYMELSSLRSEDTAVYYCARVPREGTP------------------GFDPWGQGTLVTVSS,SYELTQPPS-VSVAPGKTARITCGENN--I--G-SKSVHWYQQKPGQAPVLVIYY----DSDRPSGIPERFSGS--NSGNTATLTINRVEAGDEADYYCQVWDSSSDH---VVFGGGTKLTVL,QVQLVQSGAEVKKPGASVKVSCKASGYTF--TSYYMHWVRQAPGQGLEWMGIINP--SGGSTSYAQKFQGRVTMTRDTSTSTVYMELSSLRSEDTAVYYCARVPREGTP------------------GFDPWGQGTLVTVSSSYELTQPPS-VSVAPGKTARITCGENN--I--G-SKSVHWYQQKPGQAPVLVIYY----DSDRPSGIPERFSGS--NSGNTATLTINRVEAGDEADYYCQVWDSSSDH---VVFGGGTKLTVL
COV21,C021,1000.0,1000.0,1000.0,,1.25,1000.0,IGHV4-31 (Human),QVQLQESGPGLVKPSQTLSLTCTVSGGSISSGGYYWSWIRQHPGKGLEWIGYIYYSGSTYYNPSLKSRVTISVDTSKNQFSLKLSSVTAADTAVYYCARVWQYYDSSGSFDYWGQGTLVTVSS,DIVMTQSPLSLPVTPGEPASISCRSSQSLLHSNGYNYLDWYLQKPGQSPQLLIYLGSNRASGVPDRFSGSGSGTDFTLKISRVEAEDVGVYYCMQALQTPFTFGPGTKVDIK,QVQLQESGPGLVKPSQTLSLTCTVSGGSISSGGYYWSWIRQHPGKGLEWIGYIYY---SGSTYYNPSLKSRVTISVDTSKNQFSLKLSSVTAADTAVYYCARV---------W-------QYYDSSGSFDYWGQGTLVTVSS,DIVMTQSPLSLPVTPGEPASISCRSSQSLLHSNGYNYLDWYLQKPGQSPQLLIYL----GSNRASGVPDRFSGS--GSGTDFTLKISRVEAEDVGVYYCMQALQTP-----FTFGPGTKVDIK,QVQLQESGPGLVKPSQTLSLTCTVSGGSISSGGYYWSWIRQHPGKGLEWIGYIYY---SGSTYYNPSLKSRVTISVDTSKNQFSLKLSSVTAADTAVYYCARV---------W-------QYYDSSGSFDYWGQGTLVTVSSDIVMTQSPLSLPVTPGEPASISCRSSQSLLHSNGYNYLDWYLQKPGQSPQLLIYL----GSNRASGVPDRFSGS--GSGTDFTLKISRVEAEDVGVYYCMQALQTP-----FTFGPGTKVDIK
COV21,C022,73.57,314.71,736.87,168.15,2.4,5.99,IGHV4-39 (Human),QVQLQESGPGLVKPSETLSVTCTVSGGSISSSRYYWGWIRQPPGKGLEWIGSIYYSGSTYYNPSLKSRVTISVDTSKNQFSLKLSSVTAADTAVYYCARHAAAYYDRSGYYFIEYFQHWGQGTLVTVSS,DIQMTQSPSTLSASVGDSVTITCRASQSISSWLAWYQQKPGKAPKLLIYKASSLESGVPSRFSGSGSGTEFTLTISSLQPDDFATYYCQQYNNYRYTFGQGTKLEIK,QVQLQESGPGLVKPSETLSVTCTVSGGSISSSRYYWGWIRQPPGKGLEWIGSIYY---SGSTYYNPSLKSRVTISVDTSKNQFSLKLSSVTAADTAVYYCARHAAAYYDRSGY-------Y---FIEYFQHWGQGTLVTVSS,DIQMTQSPSTLSASVGDSVTITCRASQSIS-----SWLAWYQQKPGKAPKLLIYK----ASSLESGVPSRFSGS--GSGTEFTLTISSLQPDDFATYYCQQYNNY----R-YTFGQGTKLEIK,QVQLQESGPGLVKPSETLSVTCTVSGGSISSSRYYWGWIRQPPGKGLEWIGSIYY---SGSTYYNPSLKSRVTISVDTSKNQFSLKLSSVTAADTAVYYCARHAAAYYDRSGY-------Y---FIEYFQHWGQGTLVTVSSDIQMTQSPSTLSASVGDSVTITCRASQSIS-----SWLAWYQQKPGKAPKLLIYK----ASSLESGVPSRFSGS--GSGTEFTLTISSLQPDDFATYYCQQYNNY----R-YTFGQGTKLEIK
COV21,C027,1000.0,1000.0,1000.0,1000.0,2.65,696.05,IGHV3-30 (Human),EVQLVESGGGVVQPGRSLRLSCAASGFTFSSYGMHWVRQAPGKGLEWVAVISYDGSNKYYADSVKGRFTISRDNSKNTLYLQMNSLRAEDTAVYYCAKASGIYCSGGDCYSYYFDYWGQGTLVTVSS,DIQMTQSPSTLSASVGDRVTITCRASQSISSWLAWYQQKPGKAPKLLIYKASSLESGVPSRFSGSGSGTEFTLTISSLQPDDFATYYCQQYNSYSTFGQGTKVEIK,EVQLVESGGGVVQPGRSLRLSCAASGFTF--SSYGMHWVRQAPGKGLEWVAVISY--DGSNKYYADSVKGRFTISRDNSKNTLYLQMNSLRAEDTAVYYCAKASGIYCS------G-----GDCYSYYFDYWGQGTLVTVSS,DIQMTQSPSTLSASVGDRVTITCRASQSIS-----SWLAWYQQKPGKAPKLLIYK----ASSLESGVPSRFSGS--GSGTEFTLTISSLQPDDFATYYCQQYNSY------STFGQGTKVEIK,EVQLVESGGGVVQPGRSLRLSCAASGFTF--SSYGMHWVRQAPGKGLEWVAVISY--DGSNKYYADSVKGRFTISRDNSKNTLYLQMNSLRAEDTAVYYCAKASGIYCS------G-----GDCYSYYFDYWGQGTLVTVSSDIQMTQSPSTLSASVGDRVTITCRASQSIS-----SWLAWYQQKPGKAPKLLIYK----ASSLESGVPSRFSGS--GSGTEFTLTISSLQPDDFATYYCQQYNSY------STFGQGTKVEIK
COV21,C029,1000.0,1000.0,1000.0,,4.13,1000.0,IGHV4-31 (Human),QVQLQESGPGLVKPSQTLSLTCTVSGGSISSGGYYWSWIRQHPGKGLEWIGYIYYSGSTYYNPSLKSRVTISVDTSKNQFSLKLSSVTAADTAVYYCARTMYYYDSSGSFDYWGQGTLVTVSS,DIVMTQSPLSLPVTPGEPASISCRSSQSLLHSNGYNYLDWYLQKPGQSPQLLIYLGSNRASGVPDRFSGSGSGTDFTLKISRVEAEDVGVYYCMQALQTPHTFGGGTKVEIK,QVQLQESGPGLVKPSQTLSLTCTVSGGSISSGGYYWSWIRQHPGKGLEWIGYIYY---SGSTYYNPSLKSRVTISVDTSKNQFSLKLSSVTAADTAVYYCART---------M-------YYYDSSGSFDYWGQGTLVTVSS,DIVMTQSPLSLPVTPGEPASISCRSSQSLLHSNGYNYLDWYLQKPGQSPQLLIYL----GSNRASGVPDRFSGS--GSGTDFTLKISRVEAEDVGVYYCMQALQTP-----HTFGGGTKVEIK,QVQLQESGPGLVKPSQTLSLTCTVSGGSISSGGYYWSWIRQHPGKGLEWIGYIYY---SGSTYYNPSLKSRVTISVDTSKNQFSLKLSSVTAADTAVYYCART---------M-------YYYDSSGSFDYWGQGTLVTVSSDIVMTQSPLSLPVTPGEPASISCRSSQSLLHSNGYNYLDWYLQKPGQSPQLLIYL----GSNRASGVPDRFSGS--GSGTDFTLKISRVEAEDVGVYYCMQALQTP-----HTFGGGTKVEIK
COV21,C030,1000.0,1000.0,1000.0,1000.0,2.89,1000.0,IGHV3-30 (Human),EVQLVESGGGVVQPGRSLRLSCAASGFTFSSYGMHWVRQAPGKGLEWVAVISYDGSNKYYADSVKGRFTISRDNSKNTLYLQMNSLRAEDTAVYYCAKASGIYCSGGNCYSYYFDYWGQGTLVTVSS,DIQMTQSPSTLSASVGDRVTITCRASQSISSWLAWYQQKPGKAPKLLIYKASSLESGVPSRFSGSGSGTEFTLTISSLQPDDFATYYCQQYNSYSTFGQGTKVEIK,EVQLVESGGGVVQPGRSLRLSCAASGFTF--SSYGMHWVRQAPGKGLEWVAVISY--DGSNKYYADSVKGRFTISRDNSKNTLYLQMNSLRAEDTAVYYCAKASGIYCS------G-----GNCYSYYFDYWGQGTLVTVSS,DIQMTQSPSTLSASVGDRVTITCRASQSIS-----SWLAWYQQKPGKAPKLLIYK----ASSLESGVPSRFSGS--GSGTEFTLTISSLQPDDFATYYCQQYNSY------STFGQGTKVEIK,EVQLVESGGGVVQPGRSLRLSCAASGFTF--SSYGMHWVRQAPGKGLEWVAVISY--DGSNKYYADSVKGRFTISRDNSKNTLYLQMNSLRAEDTAVYYCAKASGIYCS------G-----GNCYSYYFDYWGQGTLVTVSSDIQMTQSPSTLSASVGDRVTITCRASQSIS-----SWLAWYQQKPGKAPKLLIYK----ASSLESGVPSRFSGS--GSGTEFTLTISSLQPDDFATYYCQQYNSY------STFGQGTKVEIK
COV21,C031,1000.0,1000.0,1000.0,,22.69,1000.0,IGHV3-13 (Human),EVQLVESGGGLVQPGGSLRLSCAASGFTFSSYDMHWVRQATGKGLEWVSAIGTAGDTYYPGSVKGRFTISRENAKNSLYLQMNSLRAGDTAVYYCARVGYDSSGYSGWYFDLWGRGTLVTVSS,DIQMTQSPSSLSASVGDRVTITCRASQSISSYLNWYQQKPGKAPKVLIYAASSLQSGVPSRFSGSGSGTDFTLTISSLQPEDFATYYCQQSYSTPPLTFGGGTKVEIK,EVQLVESGGGLVQPGGSLRLSCAASGFTF--SSYDMHWVRQATGKGLEWVSAIGT--AG-DTYYPGSVKGRFTISRENAKNSLYLQMNSLRAGDTAVYYCARVGYDSSG--------------YSGWYFDLWGRGTLVTVSS,DIQMTQSPSSLSASVGDRVTITCRASQSIS-----SYLNWYQQKPGKAPKVLIYA----ASSLQSGVPSRFSGS--GSGTDFTLTISSLQPEDFATYYCQQSYSTP---P-LTFGGGTKVEIK,EVQLVESGGGLVQPGGSLRLSCAASGFTF--SSYDMHWVRQATGKGLEWVSAIGT--AG-DTYYPGSVKGRFTISRENAKNSLYLQMNSLRAGDTAVYYCARVGYDSSG--------------YSGWYFDLWGRGTLVTVSSDIQMTQSPSSLSASVGDRVTITCRASQSIS-----SYLNWYQQKPGKAPKVLIYA----ASSLQSGVPSRFSGS--GSGTDFTLTISSLQPEDFATYYCQQSYSTP---P-LTFGGGTKVEIK
COV57,C032,1000.0,1000.0,1000.0,,99.31,,Other,EVQLVQSGAEVKKPGESLKISCKGSGYSFTSYWIGWVRQMPGKGLEWMGIIYPGDSDTRYSPSFQGQVTISADKSISTAYLQWSSLKASDTAMYYCARGVAVDWYFDLWGRGTLVTVSS,QSVLTQPPSVSGAPGQRVTISCTGSSSNIGAGYDVHWYQQLPGTAPKLLIYGNSNRPSGVPDRFSGSKSGTSASLAITGLQAEDEADYYCQSYDSSLSALYVFGTGTKVTVL,EVQLVQSGAEVKKPGESLKISCKGSGYSF--TSYWIGWVRQMPGKGLEWMGIIYP--GDSDTRYSPSFQGQVTISADKSISTAYLQWSSLKASDTAMYYCARGVAVD-----------------WY--FDLWGRGTLVTVSS,QSVLTQPPS-VSGAPGQRVTISCTGSSSNI--GAGYDVHWYQQLPGTAPKLLIYG----NSNRPSGVPDRFSGS--KSGTSASLAITGLQAEDEADYYCQSYDSSLS--ALYVFGTGTKVTVL,EVQLVQSGAEVKKPGESLKISCKGSGYSF--TSYWIGWVRQMPGKGLEWMGIIYP--GDSDTRYSPSFQGQVTISADKSISTAYLQWSSLKASDTAMYYCARGVAVD-----------------WY--FDLWGRGTLVTVSSQSVLTQPPS-VSGAPGQRVTISCTGSSSNI--GAGYDVHWYQQLPGTAPKLLIYG----NSNRPSGVPDRFSGS--KSGTSASLAITGLQAEDEADYYCQSYDSSLS--ALYVFGTGTKVTVL
COV57,C036,1000.0,1000.0,1000.0,,64.1,,Other,QVQLQQWGAGLLKPSETLSRTCAVFGGSFTNYYWSWIRQSPGKGLEWIGEINDSGITNYNPSLKSRVTISVDTSKNQFSLSLRSVTAADTAVYYCARRRSFSRPSSIDYWGQGTLVTVSS,DIVMTQSPLSLPVTPGEPASISCRSSQSLLHRNGYNYLDWYLQKPGQSPQLLIYLGSNRASGVPDRFRGSGSGTDFTLKISRVEAEDVGVYYCMQALQTLTFGQGTRLEIK,QVQLQQWGAGLLKPSETLSRTCAVFGGSF--TNYYWSWIRQSPGKGLEWIGEIND---SGITNYNPSLKSRVTISVDTSKNQFSLSLRSVTAADTAVYYCARRRS-------F----------SRPSSIDYWGQGTLVTVSS,DIVMTQSPLSLPVTPGEPASISCRSSQSLLHRNGYNYLDWYLQKPGQSPQLLIYL----GSNRASGVPDRFRGS--GSGTDFTLKISRVEAEDVGVYYCMQALQT------LTFGQGTRLEIK,QVQLQQWGAGLLKPSETLSRTCAVFGGSF--TNYYWSWIRQSPGKGLEWIGEIND---SGITNYNPSLKSRVTISVDTSKNQFSLSLRSVTAADTAVYYCARRRS-------F----------SRPSSIDYWGQGTLVTVSSDIVMTQSPLSLPVTPGEPASISCRSSQSLLHRNGYNYLDWYLQKPGQSPQLLIYL----GSNRASGVPDRFRGS--GSGTDFTLKISRVEAEDVGVYYCMQALQT------LTFGQGTRLEIK
COV57,C037,155.78,488.45,1000.0,,1.93,,Other,QLVQSGPEVKKPGTSVKVSCKASGFTFTSSAMQWVRQARGQRLEWIGWIVVGSGNTNYAQKFQERVTITRDMSTSTAYMELSSLRSEDTAVYYCAAPYCSGGSCNDAFDIWGQGTMVTVSS,EIVLTQSPGTLSLSPGERATLSCRASQSVSSSYLAWYQQKPGQAPRLLIYGASSRATGIPDRFSGSGSGTDFTLTISRLEPEDFAVYYCQQYGSSPWTFGQGTKVEIK,--QLVQSGPEVKKPGTSVKVSCKASGFTF--TSSAMQWVRQARGQRLEWIGWIVV--GSGNTNYAQKFQERVTITRDMSTSTAYMELSSLRSEDTAVYYCAAPYCSG---------------GSCNDAFDIWGQGTMVTVSS,EIVLTQSPGTLSLSPGERATLSCRASQSVS----SSYLAWYQQKPGQAPRLLIYG----ASSRATGIPDRFSGS--GSGTDFTLTISRLEPEDFAVYYCQQYGSS----PW-TFGQGTKVEIK,--QLVQSGPEVKKPGTSVKVSCKASGFTF--TSSAMQWVRQARGQRLEWIGWIVV--GSGNTNYAQKFQERVTITRDMSTSTAYMELSSLRSEDTAVYYCAAPYCSG---------------GSCNDAFDIWGQGTMVTVSSEIVLTQSPGTLSLSPGERATLSCRASQSVS----SSYLAWYQQKPGQAPRLLIYG----ASSRATGIPDRFSGS--GSGTDFTLTISRLEPEDFAVYYCQQYGSS----PW-TFGQGTKVEIK
COV57,C038,1000.0,1000.0,1000.0,,4.69,,Other,VQLVESGGGVVQPGRSLRLSCAASGFTFNRIAMYWVRQAPGKGLEWVAVISFDGSYEYYAESVKGRFAISRDNSKNTLYLQMNSLRAEDTAVYYCAKSPMGYCTNGVCYPDSWGQGTLVTVSS,NFMLTQPHSVSESPGKTVTISCTGSSGSIASNYVQWYQQRPGSAPTTVIYEDTQRPSGVPDRFSGSIDSSSNSASLTISGLKTEDEADYYCQSYDINSRWVFGGGTKLTVL,-VQLVESGGGVVQPGRSLRLSCAASGFTF--NRIAMYWVRQAPGKGLEWVAVISF--DGSYEYYAESVKGRFAISRDNSKNTLYLQMNSLRAEDTAVYYCAKSPMGYCT------N-----GVCY---PDSWGQGTLVTVSS,NFMLTQPHS-VSESPGKTVTISCTGSSGSI--ASN-YVQWYQQRPGSAPTTVIYE----DTQRPSGVPDRFSGSIDSSSNSASLTISGLKTEDEADYYCQSYDINS---RWV-FGGGTKLTVL,-VQLVESGGGVVQPGRSLRLSCAASGFTF--NRIAMYWVRQAPGKGLEWVAVISF--DGSYEYYAESVKGRFAISRDNSKNTLYLQMNSLRAEDTAVYYCAKSPMGYCT------N-----GVCY---PDSWGQGTLVTVSSNFMLTQPHS-VSESPGKTVTISCTGSSGSI--ASN-YVQWYQQRPGSAPTTVIYE----DTQRPSGVPDRFSGSIDSSSNSASLTISGLKTEDEADYYCQSYDINS---RWV-FGGGTKLTVL
COV57,C040,1000.0,1000.0,1000.0,,11.1,,Other,EVQLVESGGGLVKPGGSLRLSCAASGFTFSNAWMSWVRQAPGKGLEWVGRIKSKTDGGTTDYAAPVKGRFTISRDDSKNTLYLQMNSLKTEDTAVYYCTTDPHCSSTSCPIFYYYYMDVWGKGTTVTVSS,SYELTQPPSVSVAPGQTARITCGGNNIGSKSVHWYQQKPGQAPVLVVYDDSDRPSGIPERFSGSNSGNTATLTISRVEAGDEADYYCQVWDSSSDQGVFGGGTKLTVL,EVQLVESGGGLVKPGGSLRLSCAASGFTF--SNAWMSWVRQAPGKGLEWVGRIKSKTDGGTTDYAAPVKGRFTISRDDSKNTLYLQMNSLKTEDTAVYYCTTDPHCSS----------TSCPIFYYYYMDVWGKGTTVTVSS,SYELTQPPS-VSVAPGQTARITCGGNN--I--G-SKSVHWYQQKPGQAPVLVVYD----DSDRPSGIPERFSGS--NSGNTATLTISRVEAGDEADYYCQVWDSSSDQ---GVFGGGTKLTVL,EVQLVESGGGLVKPGGSLRLSCAASGFTF--SNAWMSWVRQAPGKGLEWVGRIKSKTDGGTTDYAAPVKGRFTISRDDSKNTLYLQMNSLKTEDTAVYYCTTDPHCSS----------TSCPIFYYYYMDVWGKGTTVTVSSSYELTQPPS-VSVAPGQTARITCGGNN--I--G-SKSVHWYQQKPGQAPVLVVYD----DSDRPSGIPERFSGS--NSGNTATLTISRVEAGDEADYYCQVWDSSSDQ---GVFGGGTKLTVL
COV107,C101,8.2,30.15,65.3,,1.51,1000.0,IGHV3-53 (Human),QVQLVESGGGLIQPGGSLRLSCAASGFIVSSNYMSWVRQAPGKGLEWVSVIYSGGSTFYTDSVKGRFTISRDNSKNTLYLQMNSLRAEDTAVYYCVRDYGDFYFDYWGQGTLVTVSS,EIVLTQSPGTLSLSPGERATLSCRASQSVSSSYLAWYQQKPGQAPRLLIYGASSRATGIPDRFSGGGSETDFTLTISRLEPEDCAVYYCQQYGSSPRTFGQGTKVEIK,QVQLVESGGGLIQPGGSLRLSCAASGFIV--SSNYMSWVRQAPGKGLEWVSVIYS--GG-STFYTDSVKGRFTISRDNSKNTLYLQMNSLRAEDTAVYYCVRDYG--------------------DFYFDYWGQGTLVTVSS,EIVLTQSPGTLSLSPGERATLSCRASQSVS----SSYLAWYQQKPGQAPRLLIYG----ASSRATGIPDRFSGG--GSETDFTLTISRLEPEDCAVYYCQQYGSS----PR-TFGQGTKVEIK,QVQLVESGGGLIQPGGSLRLSCAASGFIV--SSNYMSWVRQAPGKGLEWVSVIYS--GG-STFYTDSVKGRFTISRDNSKNTLYLQMNSLRAEDTAVYYCVRDYG--------------------DFYFDYWGQGTLVTVSSEIVLTQSPGTLSLSPGERATLSCRASQSVS----SSYLAWYQQKPGQAPRLLIYG----ASSRATGIPDRFSGG--GSETDFTLTISRLEPEDCAVYYCQQYGSS----PR-TFGQGTKVEIK
COV107,C102,34.03,84.21,143.23,,4.54,1000.0,IGHV3-53 (Human),QVQLVESGGGLIQPGGSLRLSCAASGFIVSSNYMSWVRQAPGKGLEWVSVIYSGGSTFYADSVKGRFTISRDNSKNTLYLQMNSLRAEDTAVYYCARDYGDYYFDYWGQGTLVTVSS,EIVLTQSPGTLSLSPGERATLSCRASQSVSSSYLAWYQQKPGQAPRLLIYGASSRATGIPDRFSGSGSGTDFTLTISRLEPEDFAVYYCQQYGSSPRTFGQGTKVEIK,QVQLVESGGGLIQPGGSLRLSCAASGFIV--SSNYMSWVRQAPGKGLEWVSVIYS--GG-STFYADSVKGRFTISRDNSKNTLYLQMNSLRAEDTAVYYCARDYG--------------------DYYFDYWGQGTLVTVSS,EIVLTQSPGTLSLSPGERATLSCRASQSVS----SSYLAWYQQKPGQAPRLLIYG----ASSRATGIPDRFSGS--GSGTDFTLTISRLEPEDFAVYYCQQYGSS----PR-TFGQGTKVEIK,QVQLVESGGGLIQPGGSLRLSCAASGFIV--SSNYMSWVRQAPGKGLEWVSVIYS--GG-STFYADSVKGRFTISRDNSKNTLYLQMNSLRAEDTAVYYCARDYG--------------------DYYFDYWGQGTLVTVSSEIVLTQSPGTLSLSPGERATLSCRASQSVS----SSYLAWYQQKPGQAPRLLIYG----ASSRATGIPDRFSGS--GSGTDFTLTISRLEPEDFAVYYCQQYGSS----PR-TFGQGTKVEIK
COV107,C103,4.38,12.58,23.59,,3.77,1000.0,IGHV4-34 (Human),QVQLQQWGAGLLKPSETLSLTCAVSGGSLSGFYWTWIRQPPGKGLEWIGETNHFGSTGYKPSLKSRVTISVDMSRNQFSLKVTSVTAADTAVYYCARKPLLYSDFSPGAFDIWGQGTMVTVSS,EIVLTQSPGTLSLSPGERATLSCRASQTVTANYLAWYQQKPGQAPRLLIYGASKRATGIPDRFSGSGSGTDFTLSISRLEPEDFAVYYCQQYTTTPRTFGGGTKVEIK,QVQLQQWGAGLLKPSETLSLTCAVSGGSL--SGFYWTWIRQPPGKGLEWIGETNH---FGSTGYKPSLKSRVTISVDMSRNQFSLKVTSVTAADTAVYYCARKPL-------L-------YSDFSPGAFDIWGQGTMVTVSS,EIVLTQSPGTLSLSPGERATLSCRASQTVT----ANYLAWYQQKPGQAPRLLIYG----ASKRATGIPDRFSGS--GSGTDFTLSISRLEPEDFAVYYCQQYTTT----PR-TFGGGTKVEIK,QVQLQQWGAGLLKPSETLSLTCAVSGGSL--SGFYWTWIRQPPGKGLEWIGETNH---FGSTGYKPSLKSRVTISVDMSRNQFSLKVTSVTAADTAVYYCARKPL-------L-------YSDFSPGAFDIWGQGTMVTVSSEIVLTQSPGTLSLSPGERATLSCRASQTVT----ANYLAWYQQKPGQAPRLLIYG----ASKRATGIPDRFSGS--GSGTDFTLSISRLEPEDFAVYYCQQYTTT----PR-TFGGGTKVEIK
COV107,C104,23.31,72.12,140.28,,8.31,1000.0,IGHV4-34 (Human),QVQLQQWGAGLLKPSETLSLSCAVYGGSLSGYYWSWIRQPPGKGLEWIGEINHFGSTGYNPSLKSRVTISVDTSKSQFSVKLSSVTAADTAVYYCARKPLLYSNLSPGAFDIWGQGTMVTVSS,EIVLTQSPGTVSLSPGERATLSCWASQSVSASYLAWYQQKPGQAPRLLIYGASSRATGIPDRFSGSGSGTDFTLTISRLEPEDFAVYYCQQYGTTPRTFGGGTKVEIK,QVQLQQWGAGLLKPSETLSLSCAVYGGSL--SGYYWSWIRQPPGKGLEWIGEINH---FGSTGYNPSLKSRVTISVDTSKSQFSVKLSSVTAADTAVYYCARKPL-------L-------YSNLSPGAFDIWGQGTMVTVSS,EIVLTQSPGTVSLSPGERATLSCWASQSVS----ASYLAWYQQKPGQAPRLLIYG----ASSRATGIPDRFSGS--GSGTDFTLTISRLEPEDFAVYYCQQYGTT----PR-TFGGGTKVEIK,QVQLQQWGAGLLKPSETLSLSCAVYGGSL--SGYYWSWIRQPPGKGLEWIGEINH---FGSTGYNPSLKSRVTISVDTSKSQFSVKLSSVTAADTAVYYCARKPL-------L-------YSNLSPGAFDIWGQGTMVTVSSEIVLTQSPGTVSLSPGERATLSCWASQSVS----ASYLAWYQQKPGQAPRLLIYG----ASSRATGIPDRFSGS--GSGTDFTLTISRLEPEDFAVYYCQQYGTT----PR-TFGGGTKVEIK
COV107,C105,26.09,72.24,133.7,,5.2,1000.0,IGHV3-53 (Human),QVQLVESGGGLIQPGGSLRLSCAASGFTVSSNYMSWVRQAPGKGLEWVSVIYSGGSTYYADSVKGRFTISRDNSKNTLYLQMNSLRAEDTAVYYCARGEGWELPYDYWGQGTLVTVSS,QSALTQPPSASGSPGQSVTISCTGTSSDVGGYKYVSWYQQHPGKAPKLMIYEVSKRPSGVPDRFSGSKSGNTASLTVSGLQAEDEADYYCSSYEGSNNFVVFGGGTKLTVL,QVQLVESGGGLIQPGGSLRLSCAASGFTV--SSNYMSWVRQAPGKGLEWVSVIYS--GG-STYYADSVKGRFTISRDNSKNTLYLQMNSLRAEDTAVYYCARGEGW-------------------ELPYDYWGQGTLVTVSS,QSALTQPPS-ASGSPGQSVTISCTGTSSDV--GGYKYVSWYQQHPGKAPKLMIYE----VSKRPSGVPDRFSGS--KSGNTASLTVSGLQAEDEADYYCSSYEGSN---NFVVFGGGTKLTVL,QVQLVESGGGLIQPGGSLRLSCAASGFTV--SSNYMSWVRQAPGKGLEWVSVIYS--GG-STYYADSVKGRFTISRDNSKNTLYLQMNSLRAEDTAVYYCARGEGW-------------------ELPYDYWGQGTLVTVSSQSALTQPPS-ASGSPGQSVTISCTGTSSDV--GGYKYVSWYQQHPGKAPKLMIYE----VSKRPSGVPDRFSGS--KSGNTASLTVSGLQAEDEADYYCSSYEGSN---NFVVFGGGTKLTVL
COV107,C106,1000.0,1000.0,1000.0,1000.0,19.03,106.75,IGHV4-61 (Human),QLQLQESGPGLVKPSETLSLTCTVSGASVSSGSYYWSWIRQPPGKGLEWIGYIYYSGSTNYNPSLKSRVTISVDTSKNQFSLKLSSVTAADTAVYYCARERPGGTYSNTWYTPTDTNWFDTWGQGTLVTVSS,SYELTQPPSVSVAPGKTARITCGGNNIGSKSVHWYQQKPGQAPVLVIYFDSDRPSGIPERFSGSNSGNTATLTISRVEAGDEADYYCQVWDSSRDHVVFGGGTKLTVL,QLQLQESGPGLVKPSETLSLTCTVSGASVSSGSYYWSWIRQPPGKGLEWIGYIYY---SGSTNYNPSLKSRVTISVDTSKNQFSLKLSSVTAADTAVYYCARERPGGTYSNTW-------YTPTDTNWFDTWGQGTLVTVSS,SYELTQPPS-VSVAPGKTARITCGGNN--I--G-SKSVHWYQQKPGQAPVLVIYF----DSDRPSGIPERFSGS--NSGNTATLTISRVEAGDEADYYCQVWDSSRDH---VVFGGGTKLTVL,QLQLQESGPGLVKPSETLSLTCTVSGASVSSGSYYWSWIRQPPGKGLEWIGYIYY---SGSTNYNPSLKSRVTISVDTSKNQFSLKLSSVTAADTAVYYCARERPGGTYSNTW-------YTPTDTNWFDTWGQGTLVTVSSSYELTQPPS-VSVAPGKTARITCGGNN--I--G-SKSVHWYQQKPGQAPVLVIYF----DSDRPSGIPERFSGS--NSGNTATLTISRVEAGDEADYYCQVWDSSRDH---VVFGGGTKLTVL
COV107,C107,1000.0,1000.0,1000.0,,11.55,1000.0,IGHV1-18 (Human),QVQLVQSGAEVKKPGASVRVSCKASGYTFTSYGFSWVRQAPGQGLEWMGWISAYNGNTNFAQKLQGRVTMTTDTSTSTAYMELRSLRSDDTAVYYCARGEAVAGTTGFFDYWGQGTLVTVSS,QSVLTQPPSASGTPGQRVTISCSGSSSNIGSNYVYWYQQLPGTAPKLLIYRNNQRPSGVPDRFSGSKSGTSASLAISGLRSEDEADYYCAAWDDSLSGFVVFGGGTKLTVL,QVQLVQSGAEVKKPGASVRVSCKASGYTF--TSYGFSWVRQAPGQGLEWMGWISA--YNGNTNFAQKLQGRVTMTTDTSTSTAYMELRSLRSDDTAVYYCARGEAVA-----------GTTGF-----FDYWGQGTLVTVSS,QSVLTQPPS-ASGTPGQRVTISCSGSSSNI--GSNY-VYWYQQLPGTAPKLLIYR----NNQRPSGVPDRFSGS--KSGTSASLAISGLRSEDEADYYCAAWDDSLS--GFVVFGGGTKLTVL,QVQLVQSGAEVKKPGASVRVSCKASGYTF--TSYGFSWVRQAPGQGLEWMGWISA--YNGNTNFAQKLQGRVTMTTDTSTSTAYMELRSLRSDDTAVYYCARGEAVA-----------GTTGF-----FDYWGQGTLVTVSSQSVLTQPPS-ASGTPGQRVTISCSGSSSNI--GSNY-VYWYQQLPGTAPKLLIYR----NNQRPSGVPDRFSGS--KSGTSASLAISGLRSEDEADYYCAAWDDSLS--GFVVFGGGTKLTVL
COV107,C108,480.69,1000.0,1000.0,,5.32,1000.0,IGHV4-4 (Human),QVQLQESGPGLVKPSGTLSLTCAVSGGSISSTNWWSWVRQPPGKGLEWIGEIYHTGSTNYNPSLKSRVTISVDKSKNQFSLKLSSVTAADTAVYYCVRDGGRPGDAFDIWGQGTMVTVSS,QSALTQPASVSGSPGQSITISCTGTSSDVGGYNYVSWYQQHPGKAPKLMIYDVSNRPSGVSNRFSGSKSGNTASLTISGLQAEDEADYYCNSYTSSSTRVFGTGTKVTVL,QVQLQESGPGLVKPSGTLSLTCAVSGGSISST-NWWSWVRQPPGKGLEWIGEIYH---TGSTNYNPSLKSRVTISVDKSKNQFSLKLSSVTAADTAVYYCVRDGG----------------RP--GDAFDIWGQGTMVTVSS,QSALTQPAS-VSGSPGQSITISCTGTSSDV--GGYNYVSWYQQHPGKAPKLMIYD----VSNRPSGVSNRFSGS--KSGNTASLTISGLQAEDEADYYCNSYTSSS----TRVFGTGTKVTVL,QVQLQESGPGLVKPSGTLSLTCAVSGGSISST-NWWSWVRQPPGKGLEWIGEIYH---TGSTNYNPSLKSRVTISVDKSKNQFSLKLSSVTAADTAVYYCVRDGG----------------RP--GDAFDIWGQGTMVTVSSQSALTQPAS-VSGSPGQSITISCTGTSSDV--GGYNYVSWYQQHPGKAPKLMIYD----VSNRPSGVSNRFSGS--KSGNTASLTISGLQAEDEADYYCNSYTSSS----TRVFGTGTKVTVL
COV107,C110,18.44,45.11,77.28,,7.29,1000.0,IGHV5-51 (Human),QVQLQQSGAEVKKPGESLKISCKGSGYSFTSYWIGWVRQMPGKGLEWMGIIYPGDSDTRYSPSFQGQVTISADKSISTAYMQWSSLKASDTAMYYCARSFRDDPRIAVAGPADAFDIWGQGTMVTVSS,DIQMTQSPSTLSASVGDRVTITCRASQSISYWLAWYQQKPGKAPKLLIYQASSLESGVPSRFSGSESGTEFTLTISSLQPDDFATYYCQQYNSYPYTFGQGTKLEIK,QVQLQQSGAEVKKPGESLKISCKGSGYSF--TSYWIGWVRQMPGKGLEWMGIIYP--GDSDTRYSPSFQGQVTISADKSISTAYMQWSSLKASDTAMYYCARSFRDDPRI----------AVAGPADAFDIWGQGTMVTVSS,DIQMTQSPSTLSASVGDRVTITCRASQSIS-----YWLAWYQQKPGKAPKLLIYQ----ASSLESGVPSRFSGS--ESGTEFTLTISSLQPDDFATYYCQQYNSY----P-YTFGQGTKLEIK,QVQLQQSGAEVKKPGESLKISCKGSGYSF--TSYWIGWVRQMPGKGLEWMGIIYP--GDSDTRYSPSFQGQVTISADKSISTAYMQWSSLKASDTAMYYCARSFRDDPRI----------AVAGPADAFDIWGQGTMVTVSSDIQMTQSPSTLSASVGDRVTITCRASQSIS-----YWLAWYQQKPGKAPKLLIYQ----ASSLESGVPSRFSGS--ESGTEFTLTISSLQPDDFATYYCQQYNSY----P-YTFGQGTKLEIK
COV107,C112,111.79,701.99,1000.0,,3.38,1000.0,IGHV3-30 (Human),QVQLVESGGGVVQPGRSLRLSCAASGFTFSSHAMHWVRQAPGKGLEWVAVISYDGSNKYYADSVKGRFTISRDNSKNTLYLQMNSLRAEDTAVYYCAREDYYDSSGSFDYWGQGTLVTVSS,QSALTQPASVSGSPGQSITISCTGTSSDVGGYNYVSWYQQHPGKAPKLMIYDVSNRPSGVSNRFSGSKSGNTASLTISGLQAEDEADYYCSSYTSSSTWVFGGGTKLTVL,QVQLVESGGGVVQPGRSLRLSCAASGFTF--SSHAMHWVRQAPGKGLEWVAVISY--DGSNKYYADSVKGRFTISRDNSKNTLYLQMNSLRAEDTAVYYCAREDYYD--------------SS---GSFDYWGQGTLVTVSS,QSALTQPAS-VSGSPGQSITISCTGTSSDV--GGYNYVSWYQQHPGKAPKLMIYD----VSNRPSGVSNRFSGS--KSGNTASLTISGLQAEDEADYYCSSYTSSS----TWVFGGGTKLTVL,QVQLVESGGGVVQPGRSLRLSCAASGFTF--SSHAMHWVRQAPGKGLEWVAVISY--DGSNKYYADSVKGRFTISRDNSKNTLYLQMNSLRAEDTAVYYCAREDYYD--------------SS---GSFDYWGQGTLVTVSSQSALTQPAS-VSGSPGQSITISCTGTSSDV--GGYNYVSWYQQHPGKAPKLMIYD----VSNRPSGVSNRFSGS--KSGNTASLTISGLQAEDEADYYCSSYTSSS----TWVFGGGTKLTVL
COV107,C113,1000.0,1000.0,1000.0,,6.93,1000.0,IGHV3-33 (Human),QVQLVESGGGVVQPGRSLRLSCAASGFTFSNFGMHWVRQAPGKGLEWVAVIWYDGSNKYYADSVKGRFTISRDNSKNTLYLQMNSLRAEDTAVYYCARGVNPDDILTGVDAFDIWGQGTMVTVSS,DIQMTQSPSTLSASVGDRVTITCRASQSMSSWLAWYQQKPGNAPKLLIYKASSLESGVPSRFSGSGSGTEFTLTISSLQPDDFATYYCQQHNSSPLTFGGGTKVEIK,QVQLVESGGGVVQPGRSLRLSCAASGFTF--SNFGMHWVRQAPGKGLEWVAVIWY--DGSNKYYADSVKGRFTISRDNSKNTLYLQMNSLRAEDTAVYYCARGVNPDDI-------------LTGVDAFDIWGQGTMVTVSS,DIQMTQSPSTLSASVGDRVTITCRASQSMS-----SWLAWYQQKPGNAPKLLIYK----ASSLESGVPSRFSGS--GSGTEFTLTISSLQPDDFATYYCQQHNSS----P-LTFGGGTKVEIK,QVQLVESGGGVVQPGRSLRLSCAASGFTF--SNFGMHWVRQAPGKGLEWVAVIWY--DGSNKYYADSVKGRFTISRDNSKNTLYLQMNSLRAEDTAVYYCARGVNPDDI-------------LTGVDAFDIWGQGTMVTVSSDIQMTQSPSTLSASVGDRVTITCRASQSMS-----SWLAWYQQKPGNAPKLLIYK----ASSLESGVPSRFSGS--GSGTEFTLTISSLQPDDFATYYCQQHNSS----P-LTFGGGTKVEIK
COV107,C114,1000.0,1000.0,1000.0,,9.51,1000.0,IGHV3-53 (Human),QVQLVESGGGLIQPGGSLKLSCVVSGFTVSKNYISWVRQAPGKGLEWVSVIFAGGSTFYADSVKGRFAISRDNSNNTLFLQMNSLRVEDTAIYYCARGDGELFFDQWGQGTLVTVSS,QSVLTQPPSVSGAPGQRVTISCTGTSSNIGAGYDVHWYQQLPGRAPKVLISGNNIRPSEVPDRFSGSRSGTSASLAITSLQPEDEAQYYCQSYDSSLYAVFGGGTKLTVL,QVQLVESGGGLIQPGGSLKLSCVVSGFTV--SKNYISWVRQAPGKGLEWVSVIFA--GG-STFYADSVKGRFAISRDNSNNTLFLQMNSLRVEDTAIYYCARGDGE--------------------LFFDQWGQGTLVTVSS,QSVLTQPPS-VSGAPGQRVTISCTGTSSNI--GAGYDVHWYQQLPGRAPKVLISG----NNIRPSEVPDRFSGS--RSGTSASLAITSLQPEDEAQYYCQSYDSSLY--A--VFGGGTKLTVL,QVQLVESGGGLIQPGGSLKLSCVVSGFTV--SKNYISWVRQAPGKGLEWVSVIFA--GG-STFYADSVKGRFAISRDNSNNTLFLQMNSLRVEDTAIYYCARGDGE--------------------LFFDQWGQGTLVTVSSQSVLTQPPS-VSGAPGQRVTISCTGTSSNI--GAGYDVHWYQQLPGRAPKVLISG----NNIRPSEVPDRFSGS--RSGTSASLAITSLQPEDEAQYYCQSYDSSLY--A--VFGGGTKLTVL
COV107,C115,198.33,958.18,1000.0,,3.4,1000.0,IGHV3-49 (Human),QVQLVESGGGLIKPGRSLRLSCTASGFTFGDYAMTWFRQAPGKGLEWVGFIRSKAYGGTTGYAASVKYRFTISRDDSKSIAYLQMDSLKTEDTAVYYCTRWDGWSQHDYWGQGTLVTVSS,DIVMTQSPLSLSVTPGEPASISCRSSQSLLHSNGNNYFDWYLQKPGQSPQLLIYLGSNRASGVPDRFSGSGSGTDFTLKISRVEAEDVGVYYCMQVLQIPYTFGQGTKLEIK,QVQLVESGGGLIKPGRSLRLSCTASGFTF--GDYAMTWFRQAPGKGLEWVGFIRSKAYGGTTGYAASVKYRFTISRDDSKSIAYLQMDSLKTEDTAVYYCTRWDGW--------------------SQHDYWGQGTLVTVSS,DIVMTQSPLSLSVTPGEPASISCRSSQSLLHSNGNNYFDWYLQKPGQSPQLLIYL----GSNRASGVPDRFSGS--GSGTDFTLKISRVEAEDVGVYYCMQVLQIP-----YTFGQGTKLEIK,QVQLVESGGGLIKPGRSLRLSCTASGFTF--GDYAMTWFRQAPGKGLEWVGFIRSKAYGGTTGYAASVKYRFTISRDDSKSIAYLQMDSLKTEDTAVYYCTRWDGW--------------------SQHDYWGQGTLVTVSSDIVMTQSPLSLSVTPGEPASISCRSSQSLLHSNGNNYFDWYLQKPGQSPQLLIYL----GSNRASGVPDRFSGS--GSGTDFTLKISRVEAEDVGVYYCMQVLQIP-----YTFGQGTKLEIK
COV107,C116,1000.0,1000.0,1000.0,,37.56,1000.0,IGHV3-30 (Human),QVQLVESGGGVVQPGRSLRLSCAASGFTYSTYAMHWVRQAPGKGLEWVAFISYDGSNKYYADSVKGRFTISRDNSKNTLYLQMNSLRAEDTAVYYCARDFYHNWFDPWGQGTLVTVSS,NFMLTQPHSVSESPGKTVTISCTGSSGSIASNYVQWYQQRPGSAPTTVIYEDNQRPSGVPDRFSGSIDRSSNSASLTISGLKTEDEADYYCQSYDSGNHWVVFGGGTRLTVL,QVQLVESGGGVVQPGRSLRLSCAASGFTY--STYAMHWVRQAPGKGLEWVAFISY--DGSNKYYADSVKGRFTISRDNSKNTLYLQMNSLRAEDTAVYYCARDF--------------------YHNWFDPWGQGTLVTVSS,NFMLTQPHS-VSESPGKTVTISCTGSSGSI--ASN-YVQWYQQRPGSAPTTVIYE----DNQRPSGVPDRFSGSIDRSSNSASLTISGLKTEDEADYYCQSYDSGN---HWVVFGGGTRLTVL,QVQLVESGGGVVQPGRSLRLSCAASGFTY--STYAMHWVRQAPGKGLEWVAFISY--DGSNKYYADSVKGRFTISRDNSKNTLYLQMNSLRAEDTAVYYCARDF--------------------YHNWFDPWGQGTLVTVSSNFMLTQPHS-VSESPGKTVTISCTGSSGSI--ASN-YVQWYQQRPGSAPTTVIYE----DNQRPSGVPDRFSGSIDRSSNSASLTISGLKTEDEADYYCQSYDSGN---HWVVFGGGTRLTVL
COV107,C117,348.0,1000.0,1000.0,,5.38,1000.0,IGHV3-30 (Human),QVQLVESGGGVVQPGRSLRLSCAASGFTFSTYAMHWVRQAPGEGLEWVAVISYDGSNTYYADSVKGRFTISRDNSKNTLYLQMNSLRAEDTAVYYCARDPIWFGELLSPPFVHFDYWGQGTLVTVSS,QSVLTQPPSVSAAPGQKVTISCSGSSSNIGNNLVSWYQQLPGTAPKLLIYENNKRPSGIPDRFSGSKSGTSATLGITGLQTGDEADYYCGAWDSSLSAGGVYVFGTGTKVTVL,QVQLVESGGGVVQPGRSLRLSCAASGFTF--STYAMHWVRQAPGEGLEWVAVISY--DGSNTYYADSVKGRFTISRDNSKNTLYLQMNSLRAEDTAVYYCARDPIWFGE------L-----LSPPFVHFDYWGQGTLVTVSS,QSVLTQPPS-VSAAPGQKVTISCSGSSSNI--GNNL-VSWYQQLPGTAPKLLIYE----NNKRPSGIPDRFSGS--KSGTSATLGITGLQTGDEADYYCGAWDSSLSAGGVYVFGTGTKVTVL,QVQLVESGGGVVQPGRSLRLSCAASGFTF--STYAMHWVRQAPGEGLEWVAVISY--DGSNTYYADSVKGRFTISRDNSKNTLYLQMNSLRAEDTAVYYCARDPIWFGE------L-----LSPPFVHFDYWGQGTLVTVSSQSVLTQPPS-VSAAPGQKVTISCSGSSSNI--GNNL-VSWYQQLPGTAPKLLIYE----NNKRPSGIPDRFSGS--KSGTSATLGITGLQTGDEADYYCGAWDSSLSAGGVYVFGTGTKVTVL
COV107,C118,103.69,417.76,1000.0,138.36,3.45,3.82,IGHV3-30 (Human),QVQLVESGGGVVQPGRSLRLSCAASGFTFSNYAMHWVRQAPGKGLEWVAVISYDGSNKYYADSVKGRFTISRDNSKNTLYLQMNSLRAEDTAIYYCASGYTGYDYFVRGDYYGLDVWGQGTTVTVSS,QPVLTQSPSASASLGASVKLTCTLSSGHSSYAIAWHQQQPEKGPRYLMKLNTDGSHSKGDGIPDRFSGSSSGAERYLTISSLQSEDEADYYCQTWGTGILVFGGGTKLTVL,QVQLVESGGGVVQPGRSLRLSCAASGFTF--SNYAMHWVRQAPGKGLEWVAVISY--DGSNKYYADSVKGRFTISRDNSKNTLYLQMNSLRAEDTAIYYCASGYTGYDY------F-----VRGDYYGLDVWGQGTTVTVSS,QPVLTQSPS-ASASLGASVKLTCTLSSGHS----SYAIAWHQQQPEKGPRYLMKLNTDGSHSKGDGIPDRFSGS--SSGAERYLTISSLQSEDEADYYCQTWGTGI-----LVFGGGTKLTVL,QVQLVESGGGVVQPGRSLRLSCAASGFTF--SNYAMHWVRQAPGKGLEWVAVISY--DGSNKYYADSVKGRFTISRDNSKNTLYLQMNSLRAEDTAIYYCASGYTGYDY------F-----VRGDYYGLDVWGQGTTVTVSSQPVLTQSPS-ASASLGASVKLTCTLSSGHS----SYAIAWHQQQPEKGPRYLMKLNTDGSHSKGDGIPDRFSGS--SSGAERYLTISSLQSEDEADYYCQTWGTGI-----LVFGGGTKLTVL
COV107,C119,9.12,39.45,97.78,,3.57,1000.0,IGHV1-46 (Human),QVQLVQSGAEVKKPGASVKVSCKASGYTFTSYYMHWVRQAPGQGLEWMGIINPSGGSTSYAQKLQGRVTMTRDTSTSTVYMELSSLRSEDTAVYYCARANHETTMDTYYYYYYMDVWGKGTTVTVSS,QSALTQPASVSGSPGQSITISCTGTSSDVGGYKYVSWYQRHPGKAPKLMIYDVSNRPSGVSNRFSGSKSGNTASLTISGLQAEDEADYYCSSYTSSSTSVVFGGGTQLTVL,QVQLVQSGAEVKKPGASVKVSCKASGYTF--TSYYMHWVRQAPGQGLEWMGIINP--SGGSTSYAQKLQGRVTMTRDTSTSTVYMELSSLRSEDTAVYYCARANHETTM-----------DTYYYYYYMDVWGKGTTVTVSS,QSALTQPAS-VSGSPGQSITISCTGTSSDV--GGYKYVSWYQRHPGKAPKLMIYD----VSNRPSGVSNRFSGS--KSGNTASLTISGLQAEDEADYYCSSYTSSS---TSVVFGGGTQLTVL,QVQLVQSGAEVKKPGASVKVSCKASGYTF--TSYYMHWVRQAPGQGLEWMGIINP--SGGSTSYAQKLQGRVTMTRDTSTSTVYMELSSLRSEDTAVYYCARANHETTM-----------DTYYYYYYMDVWGKGTTVTVSSQSALTQPAS-VSGSPGQSITISCTGTSSDV--GGYKYVSWYQRHPGKAPKLMIYD----VSNRPSGVSNRFSGS--KSGNTASLTISGLQAEDEADYYCSSYTSSS---TSVVFGGGTQLTVL
COV107,C120,13.26,26.73,40.3,,1.41,1000.0,IGHV3-53 (Human),EVQLVESGGGLIQPGGSLRLSCAASGFTVSSNYMTWVRQAPGKGLEWVSLIYPGGSTYYADSVKGRFTISRDNSKNTLYLQMNSLRAEDTAVYYCAREGMGMAAAGTWGQGTLVTVSS,AIRMTQSPSSLSASVGDTVTITCQASQDISKYLNWYQQKPGKAPKLLIYDASNLETGVPSRFSGSGSGTDFTFTISSLQPEDIATYYCQQYDNLPQTFGGGTKVEIK,EVQLVESGGGLIQPGGSLRLSCAASGFTV--SSNYMTWVRQAPGKGLEWVSLIYP--GG-STYYADSVKGRFTISRDNSKNTLYLQMNSLRAEDTAVYYCAREGMG-------------------MAAAGTWGQGTLVTVSS,AIRMTQSPSSLSASVGDTVTITCQASQDIS-----KYLNWYQQKPGKAPKLLIYD----ASNLETGVPSRFSGS--GSGTDFTFTISSLQPEDIATYYCQQYDNL----P-QTFGGGTKVEIK,EVQLVESGGGLIQPGGSLRLSCAASGFTV--SSNYMTWVRQAPGKGLEWVSLIYP--GG-STYYADSVKGRFTISRDNSKNTLYLQMNSLRAEDTAVYYCAREGMG-------------------MAAAGTWGQGTLVTVSSAIRMTQSPSSLSASVGDTVTITCQASQDIS-----KYLNWYQQKPGKAPKLLIYD----ASNLETGVPSRFSGS--GSGTDFTFTISSLQPEDIATYYCQQYDNL----P-QTFGGGTKVEIK
COV107,C121,6.73,14.31,22.33,,2.85,1000.0,IGHV1-2 (Human),QVQLVQSGAEVKKPGASVKVSCKASGYTFTGYYMHWVRQAPGQGLEWMGWISPVSGGTNYAQKFQGRVTMTRDTSISTAYMELSRLRSDDTAVYYCARAPLFPTGVLAGDYYYYGMDVWGQGTTVTVSS,QSALTQPASVSGSPGQSITISCTGTSSDVGSYNLVSWYQQHPGKAPKLMIYEGSKRPSGVSNRFSGSKSGNTASLTISGLQAEDEADYYCCSYAGSSTLVFGGGTKLTVL,QVQLVQSGAEVKKPGASVKVSCKASGYTF--TGYYMHWVRQAPGQGLEWMGWISP--VSGGTNYAQKFQGRVTMTRDTSISTAYMELSRLRSDDTAVYYCARAPLFPTG---------VLAGDYYYYGMDVWGQGTTVTVSS,QSALTQPAS-VSGSPGQSITISCTGTSSDV--GSYNLVSWYQQHPGKAPKLMIYE----GSKRPSGVSNRFSGS--KSGNTASLTISGLQAEDEADYYCCSYAGSS----TLVFGGGTKLTVL,QVQLVQSGAEVKKPGASVKVSCKASGYTF--TGYYMHWVRQAPGQGLEWMGWISP--VSGGTNYAQKFQGRVTMTRDTSISTAYMELSRLRSDDTAVYYCARAPLFPTG---------VLAGDYYYYGMDVWGQGTTVTVSSQSALTQPAS-VSGSPGQSITISCTGTSSDV--GSYNLVSWYQQHPGKAPKLMIYE----GSKRPSGVSNRFSGS--KSGNTASLTISGLQAEDEADYYCCSYAGSS----TLVFGGGTKLTVL
COV107,C122,22.8,57.77,100.12,,2.67,1000.0,IGHV3-53 (Human),EVQLVESGGGLIQPGGSLRLSCAASGLTVSSNYMSWVRQAPGKGLEWVSVLYSGGSSFYADSVKGRFTISRDNSKNTLYLQMNSLRAEDTAVYYCARESGDTTMAFDYWGQGTLVTVSS,DIQLTQSPSFLSASVGDRVTITCRASQGISSYLAWYQQKPGKAPKLLIYAASTLQSGVPSRFSGSGSGTEFTLTISSLQPEDFATYYCQQLNSDSYTFGQGTKLEIK,EVQLVESGGGLIQPGGSLRLSCAASGLTV--SSNYMSWVRQAPGKGLEWVSVLYS--GG-SSFYADSVKGRFTISRDNSKNTLYLQMNSLRAEDTAVYYCARESGDTT------------------MAFDYWGQGTLVTVSS,DIQLTQSPSFLSASVGDRVTITCRASQGIS-----SYLAWYQQKPGKAPKLLIYA----ASTLQSGVPSRFSGS--GSGTEFTLTISSLQPEDFATYYCQQLNSDS---Y--TFGQGTKLEIK,EVQLVESGGGLIQPGGSLRLSCAASGLTV--SSNYMSWVRQAPGKGLEWVSVLYS--GG-SSFYADSVKGRFTISRDNSKNTLYLQMNSLRAEDTAVYYCARESGDTT------------------MAFDYWGQGTLVTVSSDIQLTQSPSFLSASVGDRVTITCRASQGIS-----SYLAWYQQKPGKAPKLLIYA----ASTLQSGVPSRFSGS--GSGTEFTLTISSLQPEDFATYYCQQLNSDS---Y--TFGQGTKLEIK
COV107,C123,149.22,355.47,595.51,,1.92,1000.0,IGHV3-53 (Human),EVQLVESGGGLIQPGGSLRLSCAASGVTVSRNYMSWVRQAPGKGLEWVSVIYSGGSTYYADSVKGRFTISRDNSKNTLYLQMNSLRAEDTAVYYCARDLSAAFDIWGQGTMVTVSS,DIQLTQSPSFLSASVGDRVTITCRASQGISSYLAWYQQKPGKAPKLLIYAASTLQSGVPSRFSGSGSGTEFTLTISSLQPEDFATYYCQQLNSYPPAFGQGTRLEIK,EVQLVESGGGLIQPGGSLRLSCAASGVTV--SRNYMSWVRQAPGKGLEWVSVIYS--GG-STYYADSVKGRFTISRDNSKNTLYLQMNSLRAEDTAVYYCARDL---------------------SAAFDIWGQGTMVTVSS,DIQLTQSPSFLSASVGDRVTITCRASQGIS-----SYLAWYQQKPGKAPKLLIYA----ASTLQSGVPSRFSGS--GSGTEFTLTISSLQPEDFATYYCQQLNSYP---P--AFGQGTRLEIK,EVQLVESGGGLIQPGGSLRLSCAASGVTV--SRNYMSWVRQAPGKGLEWVSVIYS--GG-STYYADSVKGRFTISRDNSKNTLYLQMNSLRAEDTAVYYCARDL---------------------SAAFDIWGQGTMVTVSSDIQLTQSPSFLSASVGDRVTITCRASQGIS-----SYLAWYQQKPGKAPKLLIYA----ASTLQSGVPSRFSGS--GSGTEFTLTISSLQPEDFATYYCQQLNSYP---P--AFGQGTRLEIK
COV107,C124,341.82,937.26,1000.0,,2.23,1000.0,IGHV3-48 (Human),EVQLVESGGGLVQPGGSLRLSCAASGFTFSGYSMNWVRQAPGKGPEWVSYISRSSSTIYYADSVKGRFTISRDNAKNSLYLQMNSLRDEDTAVYYCAREGARVGATYDTYYFDYWGQGTLVTVSS,EIVLTQSPATLSLSPGERATLSCRASQSFSSYLAWYQQKPGQAPRLLIYDASNRATGIPARFSGSGSGTDFTLTISSLEPEDFAVYYCQQRNNWPPEWTFGQGTKVEIK,EVQLVESGGGLVQPGGSLRLSCAASGFTF--SGYSMNWVRQAPGKGPEWVSYISR--SSSTIYYADSVKGRFTISRDNAKNSLYLQMNSLRDEDTAVYYCAREGARVGA------T-------YDTYYFDYWGQGTLVTVSS,EIVLTQSPATLSLSPGERATLSCRASQSFS-----SYLAWYQQKPGQAPRLLIYD----ASNRATGIPARFSGS--GSGTDFTLTISSLEPEDFAVYYCQQRNNWP---PEWTFGQGTKVEIK,EVQLVESGGGLVQPGGSLRLSCAASGFTF--SGYSMNWVRQAPGKGPEWVSYISR--SSSTIYYADSVKGRFTISRDNAKNSLYLQMNSLRDEDTAVYYCAREGARVGA------T-------YDTYYFDYWGQGTLVTVSSEIVLTQSPATLSLSPGERATLSCRASQSFS-----SYLAWYQQKPGQAPRLLIYD----ASNRATGIPARFSGS--GSGTDFTLTISSLEPEDFAVYYCQQRNNWP---PEWTFGQGTKVEIK
COV107,C125,43.32,92.54,144.26,,1.87,1000.0,IGHV1-58 (Human),QVQLVQSGPEVKKPGTSVKVSCKASGFTFTSSAVQWVRQARGQRLEWIGWIVVGSGNTNYAQKFQERVTITRDMSTSTAYMELSSLRSEDTAVYYCAAPYCSGGSCSDAFDIWGQGTMVTVSS,EIVLTQSPGTLSLSPGERATLSCRASQSVSSSYLAWYQQKPGQAPRLLIYGASSRATGIPDRFSGSGSGTDFTLTISRLEPEDFAVYYCQQYGSSPWTFGQGTKVEIK,QVQLVQSGPEVKKPGTSVKVSCKASGFTF--TSSAVQWVRQARGQRLEWIGWIVV--GSGNTNYAQKFQERVTITRDMSTSTAYMELSSLRSEDTAVYYCAAPYCSG---------------GSCSDAFDIWGQGTMVTVSS,EIVLTQSPGTLSLSPGERATLSCRASQSVS----SSYLAWYQQKPGQAPRLLIYG----ASSRATGIPDRFSGS--GSGTDFTLTISRLEPEDFAVYYCQQYGSS----PW-TFGQGTKVEIK,QVQLVQSGPEVKKPGTSVKVSCKASGFTF--TSSAVQWVRQARGQRLEWIGWIVV--GSGNTNYAQKFQERVTITRDMSTSTAYMELSSLRSEDTAVYYCAAPYCSG---------------GSCSDAFDIWGQGTMVTVSSEIVLTQSPGTLSLSPGERATLSCRASQSVS----SSYLAWYQQKPGQAPRLLIYG----ASSRATGIPDRFSGS--GSGTDFTLTISRLEPEDFAVYYCQQYGSS----PW-TFGQGTKVEIK
COV107,C126,1000.0,1000.0,1000.0,,4.78,1000.0,IGHV4-59 (Human),QVQLQESGPGLVKPSETLSLSCAVSGGSIGSYFWSWIRQPPGKGLEWIGYLHYSGSTNYNPSLKSRVTISVDTSKNQFSLKLSSVTAADTAVYYCARLQWLRGAFDIWGQGTMVTVSS,NFMLTQPHSVSESPGKTVTISCTGSSGSIASNYVQWYQQRPGSAPTTVINEDNQRPSGVPDRFSGSIDSSSNSASLTISGLKTEDEADYYCQSYDSSNLVFGGGTKLTVL,QVQLQESGPGLVKPSETLSLSCAVSGGSI--GSYFWSWIRQPPGKGLEWIGYLHY---SGSTNYNPSLKSRVTISVDTSKNQFSLKLSSVTAADTAVYYCARLQ--------W-----------LRGAFDIWGQGTMVTVSS,NFMLTQPHS-VSESPGKTVTISCTGSSGSI--ASN-YVQWYQQRPGSAPTTVINE----DNQRPSGVPDRFSGSIDSSSNSASLTISGLKTEDEADYYCQSYDSSN----LV-FGGGTKLTVL,QVQLQESGPGLVKPSETLSLSCAVSGGSI--GSYFWSWIRQPPGKGLEWIGYLHY---SGSTNYNPSLKSRVTISVDTSKNQFSLKLSSVTAADTAVYYCARLQ--------W-----------LRGAFDIWGQGTMVTVSSNFMLTQPHS-VSESPGKTVTISCTGSSGSI--ASN-YVQWYQQRPGSAPTTVINE----DNQRPSGVPDRFSGSIDSSSNSASLTISGLKTEDEADYYCQSYDSSN----LV-FGGGTKLTVL
COV107,C127,68.74,190.96,347.31,,2.62,1000.0,IGHV1-2 (Human),QVQLVQSGAEVKKPGASVKVSCKASGYTFTGYYMHWVRQAPGQGLEWMGWINPNSGGTNYAQKFQGRVTMTRDTSISTAYMELSRLRSDDTAVYYCATAHPRRIQGVFFLGPGVWGQGTTVTVSS,QSVLTQPPSASGTPGQRVTISCSGSSSNIGSNTVNWYQQLPGTAPKLLIYSNNQRPSGVPDRFSGSKSGTSASLAISGLQSEDEADYYCAAWDDSLNGVVFGGGTKLTVL,QVQLVQSGAEVKKPGASVKVSCKASGYTF--TGYYMHWVRQAPGQGLEWMGWINP--NSGGTNYAQKFQGRVTMTRDTSISTAYMELSRLRSDDTAVYYCATAHPRRI-------------QGVFFLGPGVWGQGTTVTVSS,QSVLTQPPS-ASGTPGQRVTISCSGSSSNI--GSNT-VNWYQQLPGTAPKLLIYS----NNQRPSGVPDRFSGS--KSGTSASLAISGLQSEDEADYYCAAWDDSLN--GV-VFGGGTKLTVL,QVQLVQSGAEVKKPGASVKVSCKASGYTF--TGYYMHWVRQAPGQGLEWMGWINP--NSGGTNYAQKFQGRVTMTRDTSISTAYMELSRLRSDDTAVYYCATAHPRRI-------------QGVFFLGPGVWGQGTTVTVSSQSVLTQPPS-ASGTPGQRVTISCSGSSSNI--GSNT-VNWYQQLPGTAPKLLIYS----NNQRPSGVPDRFSGS--KSGTSASLAISGLQSEDEADYYCAAWDDSLN--GV-VFGGGTKLTVL
COV072,C128,101.22,263.35,460.73,,1.95,1000.0,IGHV3-23 (Human),EVQLLESGGGLVQPGGSLRLSCAASGFTFSTYAMSWVRQAPGKGLEWVSTITGSGRDTYYADSVKGRFTISRDNSKNTLFLQLNSLRAEDAAVYSCANHPLASGDDYYHYYMDVWGKGTTVTVSS,EIVLTQSPGTLSLSPGERATLSCRASQSVNSRQLAWYQQKPGQAPRLLIYGASSRATGIPERFSGSGSGTDFTLTISRLESEDFAVYHCQQYGSSRALTFGGGTKVEIK,EVQLLESGGGLVQPGGSLRLSCAASGFTF--STYAMSWVRQAPGKGLEWVSTITG--SGRDTYYADSVKGRFTISRDNSKNTLFLQLNSLRAEDAAVYSCANHPLASGD------D------YYH-YYMDVWGKGTTVTVSS,EIVLTQSPGTLSLSPGERATLSCRASQSVN----SRQLAWYQQKPGQAPRLLIYG----ASSRATGIPERFSGS--GSGTDFTLTISRLESEDFAVYHCQQYGSSR---AL-TFGGGTKVEIK,EVQLLESGGGLVQPGGSLRLSCAASGFTF--STYAMSWVRQAPGKGLEWVSTITG--SGRDTYYADSVKGRFTISRDNSKNTLFLQLNSLRAEDAAVYSCANHPLASGD------D------YYH-YYMDVWGKGTTVTVSSEIVLTQSPGTLSLSPGERATLSCRASQSVN----SRQLAWYQQKPGQAPRLLIYG----ASSRATGIPERFSGS--GSGTDFTLTISRLESEDFAVYHCQQYGSSR---AL-TFGGGTKVEIK
COV072,C129,10.85,31.48,59.47,,1.16,,Other,QVQLVESGGGVVQPGRSLRLSCAASGFTFSSYGMNWVRQAPGKGLEWVAVISYDGSNTYYTDSVKGRFTISRDNSKNTLYLQMNSLRVDDTATYYCAKGPRFGWSYRGGSGFDIWGQGTMVTVSS,DIQMTQSPSSLSASVGDRVTITCQASQDISNYLNWYQQKPGKAPKLLIYDASNLETGVPSRFSGSESGTDFTFTISSLQPEDIATYYCQQYDNLPITFGQGTRLEIK,QVQLVESGGGVVQPGRSLRLSCAASGFTF--SSYGMNWVRQAPGKGLEWVAVISY--DGSNTYYTDSVKGRFTISRDNSKNTLYLQMNSLRVDDTATYYCAKGPRFGW-------------SYRGGSGFDIWGQGTMVTVSS,DIQMTQSPSSLSASVGDRVTITCQASQDIS-----NYLNWYQQKPGKAPKLLIYD----ASNLETGVPSRFSGS--ESGTDFTFTISSLQPEDIATYYCQQYDNL----P-ITFGQGTRLEIK,QVQLVESGGGVVQPGRSLRLSCAASGFTF--SSYGMNWVRQAPGKGLEWVAVISY--DGSNTYYTDSVKGRFTISRDNSKNTLYLQMNSLRVDDTATYYCAKGPRFGW-------------SYRGGSGFDIWGQGTMVTVSSDIQMTQSPSSLSASVGDRVTITCQASQDIS-----NYLNWYQQKPGKAPKLLIYD----ASNLETGVPSRFSGS--ESGTDFTFTISSLQPEDIATYYCQQYDNL----P-ITFGQGTRLEIK
COV072,C130,1000.0,1000.0,1000.0,,2.05,1000.0,IGHV1-46 (Human),QVQLVQSGAEVKKPGASVKVSCKASGYTFTNYYMHWVRQAPGQGLEWMGIINPSGGSTGYAQKFQGRVTMTRDTSTSTVYMELSSLRSEDTAVYYCARSRPTPDWYFDLWGRGTLVTVSS,SYELTQPPSVSVAPGKTARITCGGNNIGSKSVHWYQQKPGQAPVLVIYYDSDRPSGIPERFSGSNSGNTATLTISRVEAGDEADYYCQVWDSSSDHPGVVFGGGTKLTVL,QVQLVQSGAEVKKPGASVKVSCKASGYTF--TNYYMHWVRQAPGQGLEWMGIINP--SGGSTGYAQKFQGRVTMTRDTSTSTVYMELSSLRSEDTAVYYCARSR----P-----------TP---DWYFDLWGRGTLVTVSS,SYELTQPPS-VSVAPGKTARITCGGNN--I--G-SKSVHWYQQKPGQAPVLVIYY----DSDRPSGIPERFSGS--NSGNTATLTISRVEAGDEADYYCQVWDSSSDH-PGVVFGGGTKLTVL,QVQLVQSGAEVKKPGASVKVSCKASGYTF--TNYYMHWVRQAPGQGLEWMGIINP--SGGSTGYAQKFQGRVTMTRDTSTSTVYMELSSLRSEDTAVYYCARSR----P-----------TP---DWYFDLWGRGTLVTVSSSYELTQPPS-VSVAPGKTARITCGGNN--I--G-SKSVHWYQQKPGQAPVLVIYY----DSDRPSGIPERFSGS--NSGNTATLTISRVEAGDEADYYCQVWDSSSDH-PGVVFGGGTKLTVL
COV072,C131,30.52,178.9,759.11,,1.67,1000.0,IGHV1-69 (Human),QVQLVQSGSEVKKPGSSVKVSCKASGGTFSSYAFSWVRQAPGQGLEWMGRIIPILALANYAQKFQGRVTITADKSTSTAYMELSSLRSEDTAVYYCARVNQAVTTPFSMDVWGQGTTVTVSS,EIVMTQSPATLSVSPGERATLSCRASQSVSSNLAWYQQKPGQAPRLLIYGASTRATGIPARFSGSGSGTEFTLTISSLQSEDFAVYYCQQYNNWPITFGQGTRLEIK,QVQLVQSGSEVKKPGSSVKVSCKASGGTF--SSYAFSWVRQAPGQGLEWMGRIIP--ILALANYAQKFQGRVTITADKSTSTAYMELSSLRSEDTAVYYCARVNQAV----------------TTPFSMDVWGQGTTVTVSS,EIVMTQSPATLSVSPGERATLSCRASQSVS-----SNLAWYQQKPGQAPRLLIYG----ASTRATGIPARFSGS--GSGTEFTLTISSLQSEDFAVYYCQQYNNWP----I-TFGQGTRLEIK,QVQLVQSGSEVKKPGSSVKVSCKASGGTF--SSYAFSWVRQAPGQGLEWMGRIIP--ILALANYAQKFQGRVTITADKSTSTAYMELSSLRSEDTAVYYCARVNQAV----------------TTPFSMDVWGQGTTVTVSSEIVMTQSPATLSVSPGERATLSCRASQSVS-----SNLAWYQQKPGQAPRLLIYG----ASTRATGIPARFSGS--GSGTEFTLTISSLQSEDFAVYYCQQYNNWP----I-TFGQGTRLEIK
COV072,C132,708.67,1000.0,1000.0,,2.92,1000.0,IGHV4-4 (Human),QVQLQESGPGLVKPSGTLSLTCAVSGGSISSNNWWSCVRQPPGKGLEWIGEIYHSGSTNYNPSLKSRVTISVDKSKNQFSLKLSSVTAADTAVYYCARGGDTAMGPEYFDYWGQGTLVTVSS,QSALTQPASVSGSPGQSITISCTGTSSDVGGYNYVSWYQQHPGKAPKLMIYDVSNRPSGVSNRFSGSKSGNTASLTISGLQAEDEADYYCSSYTSSSTLLFGGGTKLTVL,QVQLQESGPGLVKPSGTLSLTCAVSGGSISSN-NWWSCVRQPPGKGLEWIGEIYH---SGSTNYNPSLKSRVTISVDKSKNQFSLKLSSVTAADTAVYYCARGGD----------------TAMGPEYFDYWGQGTLVTVSS,QSALTQPAS-VSGSPGQSITISCTGTSSDV--GGYNYVSWYQQHPGKAPKLMIYD----VSNRPSGVSNRFSGS--KSGNTASLTISGLQAEDEADYYCSSYTSSS----TLLFGGGTKLTVL,QVQLQESGPGLVKPSGTLSLTCAVSGGSISSN-NWWSCVRQPPGKGLEWIGEIYH---SGSTNYNPSLKSRVTISVDKSKNQFSLKLSSVTAADTAVYYCARGGD----------------TAMGPEYFDYWGQGTLVTVSSQSALTQPAS-VSGSPGQSITISCTGTSSDV--GGYNYVSWYQQHPGKAPKLMIYD----VSNRPSGVSNRFSGS--KSGNTASLTISGLQAEDEADYYCSSYTSSS----TLLFGGGTKLTVL
COV072,C133,1000.0,1000.0,1000.0,,1.98,1000.0,IGHV3-30 (Human),QVQLVESGGGVVQPGRSLRLSCAASGFTFSSYAMHWVRQAPGKGLEWVAVILYDGSNKYYADSVKGRFTISRDNSKNTLYLQMNSLRAEDTAVYYCARDSDVDTSMVTWFDYWGQGTLVTVSS,DIQMTQSPSSLSASVGDRVTITCRASQSISSYLNWYQQKPGKAPKLLIYAASSLQSGVPSRFSGSGSGTDFTLTISSLQPEDFATYYCQQSYSTPPWTFGQGTKVEIK,QVQLVESGGGVVQPGRSLRLSCAASGFTF--SSYAMHWVRQAPGKGLEWVAVILY--DGSNKYYADSVKGRFTISRDNSKNTLYLQMNSLRAEDTAVYYCARDSDVDT---------------SMVTWFDYWGQGTLVTVSS,DIQMTQSPSSLSASVGDRVTITCRASQSIS-----SYLNWYQQKPGKAPKLLIYA----ASSLQSGVPSRFSGS--GSGTDFTLTISSLQPEDFATYYCQQSYSTP---P-WTFGQGTKVEIK,QVQLVESGGGVVQPGRSLRLSCAASGFTF--SSYAMHWVRQAPGKGLEWVAVILY--DGSNKYYADSVKGRFTISRDNSKNTLYLQMNSLRAEDTAVYYCARDSDVDT---------------SMVTWFDYWGQGTLVTVSSDIQMTQSPSSLSASVGDRVTITCRASQSIS-----SYLNWYQQKPGKAPKLLIYA----ASSLQSGVPSRFSGS--GSGTDFTLTISSLQPEDFATYYCQQSYSTP---P-WTFGQGTKVEIK
COV072,C134,1000.0,1000.0,1000.0,,1.57,1000.0,IGHV3-23 (Human),EVQLLESGGGLVQPGGSLRLSCAASGFTFSNYAMSWVRQAPGKGLEWVSAISGSDGSTYYAGSVKGRFTISRDNSKNTLYLQMNSLRAEDTAVYYCAKDPLITGPTYQYFHYWGQGTLVTVSS,SYELTQPPSVSVAPGKTARITCGGNNIGSKSVHWYQQKPGQAPVLVIYYDSDRPSGIPERFSGSNSGNTATLTISRVEAGDEAEYHCQVWDSSSDRPGVVFGGGTKLTVL,EVQLLESGGGLVQPGGSLRLSCAASGFTF--SNYAMSWVRQAPGKGLEWVSAISG--SDGSTYYAGSVKGRFTISRDNSKNTLYLQMNSLRAEDTAVYYCAKDPLITGP---------------TYQYFHYWGQGTLVTVSS,SYELTQPPS-VSVAPGKTARITCGGNN--I--G-SKSVHWYQQKPGQAPVLVIYY----DSDRPSGIPERFSGS--NSGNTATLTISRVEAGDEAEYHCQVWDSSSDR-PGVVFGGGTKLTVL,EVQLLESGGGLVQPGGSLRLSCAASGFTF--SNYAMSWVRQAPGKGLEWVSAISG--SDGSTYYAGSVKGRFTISRDNSKNTLYLQMNSLRAEDTAVYYCAKDPLITGP---------------TYQYFHYWGQGTLVTVSSSYELTQPPS-VSVAPGKTARITCGGNN--I--G-SKSVHWYQQKPGQAPVLVIYY----DSDRPSGIPERFSGS--NSGNTATLTISRVEAGDEAEYHCQVWDSSSDR-PGVVFGGGTKLTVL
COV072,C135,16.61,32.81,48.9,,1.8,1000.0,IGHV3-30 (Human),QVQLVESGGGVVQPGRSLRLSCAASGFTFSSYAMHWVRQAPGKGLEWVAVIPFDGRNKYYADSVTGRFTISRDNSKNTLYLQMNSLRAEDTAVYYCASSSGYLFHSDYWGQGTLVTVSS,DIQMTQSPSTLSASVGDRVTITCRASQSISNWLAWFQQKPGKAPKLLIYEASSLESGVPSRFSGSGSGTEFTLTISSLQPDDFATYYCQQYNSYPWTFGQGTKVEIK,QVQLVESGGGVVQPGRSLRLSCAASGFTF--SSYAMHWVRQAPGKGLEWVAVIPF--DGRNKYYADSVTGRFTISRDNSKNTLYLQMNSLRAEDTAVYYCASSS-------------------GYLFHSDYWGQGTLVTVSS,DIQMTQSPSTLSASVGDRVTITCRASQSIS-----NWLAWFQQKPGKAPKLLIYE----ASSLESGVPSRFSGS--GSGTEFTLTISSLQPDDFATYYCQQYNSY----P-WTFGQGTKVEIK,QVQLVESGGGVVQPGRSLRLSCAASGFTF--SSYAMHWVRQAPGKGLEWVAVIPF--DGRNKYYADSVTGRFTISRDNSKNTLYLQMNSLRAEDTAVYYCASSS-------------------GYLFHSDYWGQGTLVTVSSDIQMTQSPSTLSASVGDRVTITCRASQSIS-----NWLAWFQQKPGKAPKLLIYE----ASSLESGVPSRFSGS--GSGTEFTLTISSLQPDDFATYYCQQYNSY----P-WTFGQGTKVEIK
COV072,C138,1000.0,1000.0,1000.0,,2.94,1000.0,IGHV3-7 (Human),EVQLVESGGGLVQPGGSLRLSCAASGFTFSTYWMSWVRQPPGKGLEWVANIKQDGSEKYYVDSVKGRFTISRDNAKNSLYLQMNSLRADDTAVYYCAGGTWLRSSFDYWGQGTLVTVSS,NFMLTQPHSVSESPGKTVTISCTGSSGSIASNYVQWYQQRPGSAPTTVIYEDNQRPSGVPDRFSGSIDSSSNSASLTISGLKTEDEADYYCQSYDSSNWVFGGGTKLTVL,EVQLVESGGGLVQPGGSLRLSCAASGFTF--STYWMSWVRQPPGKGLEWVANIKQ--DGSEKYYVDSVKGRFTISRDNAKNSLYLQMNSLRADDTAVYYCAGGT-------------------WLRSSFDYWGQGTLVTVSS,NFMLTQPHS-VSESPGKTVTISCTGSSGSI--ASN-YVQWYQQRPGSAPTTVIYE----DNQRPSGVPDRFSGSIDSSSNSASLTISGLKTEDEADYYCQSYDSSN----WV-FGGGTKLTVL,EVQLVESGGGLVQPGGSLRLSCAASGFTF--STYWMSWVRQPPGKGLEWVANIKQ--DGSEKYYVDSVKGRFTISRDNAKNSLYLQMNSLRADDTAVYYCAGGT-------------------WLRSSFDYWGQGTLVTVSSNFMLTQPHS-VSESPGKTVTISCTGSSGSI--ASN-YVQWYQQRPGSAPTTVIYE----DNQRPSGVPDRFSGSIDSSSNSASLTISGLKTEDEADYYCQSYDSSN----WV-FGGGTKLTVL
COV072,C139,1000.0,1000.0,1000.0,,1.89,1000.0,IGHV3-30-3 (Human),EVQLVESGGGVVQPGRSLRLSCAASGFTFSSYAMHWVRQAPGKGLEWVAVISYDGSNKYSADSVKGRFTISRDNSKNTLYLQMNSLRAEDTAVYYCAKGGAYSYYYYMDVWGKGTTVTVSS,DIQMTQSPSSLSASVGDRVTITCQASQDISNYLNWYQQKPGKAPKLLIYDASNLETGVPSRFSGSGSGTDFTFTISSLQPEDIATYYCQQYDNLPLTFGGGTKVEIK,EVQLVESGGGVVQPGRSLRLSCAASGFTF--SSYAMHWVRQAPGKGLEWVAVISY--DGSNKYSADSVKGRFTISRDNSKNTLYLQMNSLRAEDTAVYYCAKGG-----------------AYSYYYYMDVWGKGTTVTVSS,DIQMTQSPSSLSASVGDRVTITCQASQDIS-----NYLNWYQQKPGKAPKLLIYD----ASNLETGVPSRFSGS--GSGTDFTFTISSLQPEDIATYYCQQYDNL----P-LTFGGGTKVEIK,EVQLVESGGGVVQPGRSLRLSCAASGFTF--SSYAMHWVRQAPGKGLEWVAVISY--DGSNKYSADSVKGRFTISRDNSKNTLYLQMNSLRAEDTAVYYCAKGG-----------------AYSYYYYMDVWGKGTTVTVSSDIQMTQSPSSLSASVGDRVTITCQASQDIS-----NYLNWYQQKPGKAPKLLIYD----ASNLETGVPSRFSGS--GSGTDFTFTISSLQPEDIATYYCQQYDNL----P-LTFGGGTKVEIK
COV072,C140,23.88,66.24,120.69,,2.19,1000.0,IGHV3-66 (Human),EVQLVESGGGLVQPGGSLRLSCAASGVTVSSNYMSWVRQAPGKGLEWVSLIYSGGSTFYADSVKGRFTISRDNSENTLYLQMNTLRAEDTAVYYCARDLYYYGMDVWGQGTTVTVSS,DIQLTQSPSFLSASVGDRVTITCRASQGISSYLAWYQQKPGKAPKLLIYAASTLQSGVPSRFSGSGSGTEFTLTISSLQPEDFATYYCQQLNSYSYTFGQGTKLEIK,EVQLVESGGGLVQPGGSLRLSCAASGVTV--SSNYMSWVRQAPGKGLEWVSLIYS--GG-STFYADSVKGRFTISRDNSENTLYLQMNTLRAEDTAVYYCARD-----L---------------YYYGMDVWGQGTTVTVSS,DIQLTQSPSFLSASVGDRVTITCRASQGIS-----SYLAWYQQKPGKAPKLLIYA----ASTLQSGVPSRFSGS--GSGTEFTLTISSLQPEDFATYYCQQLNSYS---Y--TFGQGTKLEIK,EVQLVESGGGLVQPGGSLRLSCAASGVTV--SSNYMSWVRQAPGKGLEWVSLIYS--GG-STFYADSVKGRFTISRDNSENTLYLQMNTLRAEDTAVYYCARD-----L---------------YYYGMDVWGQGTTVTVSSDIQLTQSPSFLSASVGDRVTITCRASQGIS-----SYLAWYQQKPGKAPKLLIYA----ASTLQSGVPSRFSGS--GSGTEFTLTISSLQPEDFATYYCQQLNSYS---Y--TFGQGTKLEIK
COV072,C141,1000.0,1000.0,1000.0,1000.0,1.71,1000.0,IGHV3-30 (Human),EVQLVESGGGVVQPGRSLRLSCAASGFTFSSYAMFWVRQAPGKGLEWVAVISYDGSNKYYADSVKGRFTISRDNSKNTLYLQMNSLRAEDTAVYYCARADLGYCTNGVCYVDYWGQGTLVTVSS,NFMLTQPHSVSESPGKTVTISCTGSSGSIASNYVQWYQQRPGSAPTTVIYEDNQRPSGVPDRFSGSIDSSSNSASLTISGLKTEDEADYYCQSYDSSNWVFGGGTKLTVL,EVQLVESGGGVVQPGRSLRLSCAASGFTF--SSYAMFWVRQAPGKGLEWVAVISY--DGSNKYYADSVKGRFTISRDNSKNTLYLQMNSLRAEDTAVYYCARADLGYCT------N-----GVCY---VDYWGQGTLVTVSS,NFMLTQPHS-VSESPGKTVTISCTGSSGSI--ASN-YVQWYQQRPGSAPTTVIYE----DNQRPSGVPDRFSGSIDSSSNSASLTISGLKTEDEADYYCQSYDSSN----WV-FGGGTKLTVL,EVQLVESGGGVVQPGRSLRLSCAASGFTF--SSYAMFWVRQAPGKGLEWVAVISY--DGSNKYYADSVKGRFTISRDNSKNTLYLQMNSLRAEDTAVYYCARADLGYCT------N-----GVCY---VDYWGQGTLVTVSSNFMLTQPHS-VSESPGKTVTISCTGSSGSI--ASN-YVQWYQQRPGSAPTTVIYE----DNQRPSGVPDRFSGSIDSSSNSASLTISGLKTEDEADYYCQSYDSSN----WV-FGGGTKLTVL
COV047,C143,1000.0,1000.0,1000.0,,3.66,1000.0,IGHV3-66 (Human),EVQLVESGGGLVQPGGSLRLSCAASGFSVSTKYMTWVRQAPGKGLEWVSVLYSGGSDYYADSVKGRFTISRDNSKNALYLQMNSLRVEDTGVYYCARDSSEVRDHPGHPGRSVGAFDIWGQGTMVTVSS,QSALTQPASVSGSPGQSITISCTGTSNDVGSYTLVSWYQQYPGKAPKLLIFEGTKRSSGISNRFSGSKSGNTASLTISGLQGEDEADYYCCSYAGASTFVFGGGTKLTVL,EVQLVESGGGLVQPGGSLRLSCAASGFSV--STKYMTWVRQAPGKGLEWVSVLYS--GG-SDYYADSVKGRFTISRDNSKNALYLQMNSLRVEDTGVYYCARDSSEVRD------H--PGHPGRSVGAFDIWGQGTMVTVSS,QSALTQPAS-VSGSPGQSITISCTGTSNDV--GSYTLVSWYQQYPGKAPKLLIFE----GTKRSSGISNRFSGS--KSGNTASLTISGLQGEDEADYYCCSYAGAS----TFVFGGGTKLTVL,EVQLVESGGGLVQPGGSLRLSCAASGFSV--STKYMTWVRQAPGKGLEWVSVLYS--GG-SDYYADSVKGRFTISRDNSKNALYLQMNSLRVEDTGVYYCARDSSEVRD------H--PGHPGRSVGAFDIWGQGTMVTVSSQSALTQPAS-VSGSPGQSITISCTGTSNDV--GSYTLVSWYQQYPGKAPKLLIFE----GTKRSSGISNRFSGS--KSGNTASLTISGLQGEDEADYYCCSYAGAS----TFVFGGGTKLTVL
COV047,C144,6.91,17.28,29.66,,3.24,1000.0,IGHV3-53 (Human),EVQLVESGGGLIQPGGSLRLSCAASGFTVSNNYMSWVRQAPGKGLEWVSVIYSGGSTYYADSVKGRFTISRDKSKNTLYLQMNRLRAEDTAVYYCAREGEVEGYNDFWSGYSRDRYYFDYWGQGTLVTVSS,QSALTQPASVSGSPGQSITISCTGTSSDVGGYNYVSWYQQHPGKAPKLMIYDVSNRPSGVSNRFSGSKSGNTASLTISGLQAEDEADYYCSSYTSSSTRVFGTGTKVTVL,EVQLVESGGGLIQPGGSLRLSCAASGFTV--SNNYMSWVRQAPGKGLEWVSVIYS--GG-STYYADSVKGRFTISRDKSKNTLYLQMNRLRAEDTAVYYCAREGEVEGY------NDFWSGYSRDRYYFDYWGQGTLVTVSS,QSALTQPAS-VSGSPGQSITISCTGTSSDV--GGYNYVSWYQQHPGKAPKLMIYD----VSNRPSGVSNRFSGS--KSGNTASLTISGLQAEDEADYYCSSYTSSS----TRVFGTGTKVTVL,EVQLVESGGGLIQPGGSLRLSCAASGFTV--SNNYMSWVRQAPGKGLEWVSVIYS--GG-STYYADSVKGRFTISRDKSKNTLYLQMNRLRAEDTAVYYCAREGEVEGY------NDFWSGYSRDRYYFDYWGQGTLVTVSSQSALTQPAS-VSGSPGQSITISCTGTSSDV--GGYNYVSWYQQHPGKAPKLMIYD----VSNRPSGVSNRFSGS--KSGNTASLTISGLQAEDEADYYCSSYTSSS----TRVFGTGTKVTVL
COV047,C145,3.04,14.51,36.79,,3.86,1000.0,IGHV3-53 (Human),EVQLVESGGGLIQPGGSLRLSCAASGFSVSSNYMSWVRQAPGKGLEWVSVIYSGGSTYYADSVKGRFTISRDNSKNTLYLQMNSLRAEDTAVYYCAREGEVEGYYDFWSGYSRDRYYFDYWGQGTLVTVSS,QSALTQPASVSGSPGQSITISCTGTSSDVGGYNYVSWYQQHPGKAPKLMIYDVSNRPSGVSNRFSGSKSGNTASLTISGLQAEDEADYYCSSYTSSTTRVFGTGTRVTVL,EVQLVESGGGLIQPGGSLRLSCAASGFSV--SSNYMSWVRQAPGKGLEWVSVIYS--GG-STYYADSVKGRFTISRDNSKNTLYLQMNSLRAEDTAVYYCAREGEVEGY------YDFWSGYSRDRYYFDYWGQGTLVTVSS,QSALTQPAS-VSGSPGQSITISCTGTSSDV--GGYNYVSWYQQHPGKAPKLMIYD----VSNRPSGVSNRFSGS--KSGNTASLTISGLQAEDEADYYCSSYTSST----TRVFGTGTRVTVL,EVQLVESGGGLIQPGGSLRLSCAASGFSV--SSNYMSWVRQAPGKGLEWVSVIYS--GG-STYYADSVKGRFTISRDNSKNTLYLQMNSLRAEDTAVYYCAREGEVEGY------YDFWSGYSRDRYYFDYWGQGTLVTVSSQSALTQPAS-VSGSPGQSITISCTGTSSDV--GGYNYVSWYQQHPGKAPKLMIYD----VSNRPSGVSNRFSGS--KSGNTASLTISGLQAEDEADYYCSSYTSST----TRVFGTGTRVTVL
COV047,C146,1000.0,1000.0,1000.0,,1000.0,1000.0,IGHV3-21 (Human),EVQLVESGGGLVKPGGSLRLSCAASGLTFTAYRMNWVRQAPGKGLEWLSSISNTNGDIYYADSVKGRFTISRDNAKNSLYLQMNSLRADDTAVYYCARDVASNYAYFDLWGQGTLVTVSS,QSALTQPASVSGSPGQSITISCTGTSSDIGVYNYISWSQQHPGKAPKVMIYDVTNRPSGVSNRFSGSKSGNTASLTISGLQAEDEADYYCSSYRGSSTPYVFGTGTKVTVL,EVQLVESGGGLVKPGGSLRLSCAASGLTF--TAYRMNWVRQAPGKGLEWLSSISN--TNGDIYYADSVKGRFTISRDNAKNSLYLQMNSLRADDTAVYYCARDVAS------------------NYAYFDLWGQGTLVTVSS,QSALTQPAS-VSGSPGQSITISCTGTSSDI--GVYNYISWSQQHPGKAPKVMIYD----VTNRPSGVSNRFSGS--KSGNTASLTISGLQAEDEADYYCSSYRGSS---TPYVFGTGTKVTVL,EVQLVESGGGLVKPGGSLRLSCAASGLTF--TAYRMNWVRQAPGKGLEWLSSISN--TNGDIYYADSVKGRFTISRDNAKNSLYLQMNSLRADDTAVYYCARDVAS------------------NYAYFDLWGQGTLVTVSSQSALTQPAS-VSGSPGQSITISCTGTSSDI--GVYNYISWSQQHPGKAPKVMIYD----VTNRPSGVSNRFSGS--KSGNTASLTISGLQAEDEADYYCSSYRGSS---TPYVFGTGTKVTVL
COV047,C147,1000.0,1000.0,1000.0,,1000.0,1000.0,IGHV5-51 (Human),EVQLVQSGAEVKKPGESLKISCKGSGYRFTNYWIGWVRQMPGKGLEWMGIIYPGDSDTRYSPSFQGQVTISADKSITTAYLQWSSLKASDTAMYYCARLSDRWYSPFDPWGQGTLVTVSS,QAVVTQEPSLTVSPGGTVTLTCGSSTGAVTSGHYPYWFQQKSGQAPRTLIYETSIKHSWTPARFSGSLLGGKAALTLSGAQPEDEADYYCLLSYSGARPVFGGGTKLTVL,EVQLVQSGAEVKKPGESLKISCKGSGYRF--TNYWIGWVRQMPGKGLEWMGIIYP--GDSDTRYSPSFQGQVTISADKSITTAYLQWSSLKASDTAMYYCARLS-DR-----------------WYSPFDPWGQGTLVTVSS,QAVVTQEPS-LTVSPGGTVTLTCGSSTGAV--TSGHYPYWFQQKSGQAPRTLIYE----TSIKHSWTPARFSGS--LLGGKAALTLSGAQPEDEADYYCLLSYSG----ARPVFGGGTKLTVL,EVQLVQSGAEVKKPGESLKISCKGSGYRF--TNYWIGWVRQMPGKGLEWMGIIYP--GDSDTRYSPSFQGQVTISADKSITTAYLQWSSLKASDTAMYYCARLS-DR-----------------WYSPFDPWGQGTLVTVSSQAVVTQEPS-LTVSPGGTVTLTCGSSTGAV--TSGHYPYWFQQKSGQAPRTLIYE----TSIKHSWTPARFSGS--LLGGKAALTLSGAQPEDEADYYCLLSYSG----ARPVFGGGTKLTVL
COV047,C148,1000.0,1000.0,1000.0,,64.69,1000.0,IGHV3-66 (Human),EVQLVESGGGLVQPGGSQRLSCAASGFTVSSNYMSWIRQAPGKGLEWVSVIYSGGSAYYVDSVKGRFTISRDNSKNTLYLQMNSLRPEDTAVYYCARIANYMDVWGKGTTVTVSS,EIVMTQSPATLSVSPGERATLSCRASQSVSSHLAWYQQKPGQAPRLLIYGASTRATGIPTRFSGSGSGTEFTLTISSLQSEDFAVYYCQQYNNWPPLTFGGGTKVEIK,EVQLVESGGGLVQPGGSQRLSCAASGFTV--SSNYMSWIRQAPGKGLEWVSVIYS--GG-SAYYVDSVKGRFTISRDNSKNTLYLQMNSLRPEDTAVYYCARIA----------------------NYMDVWGKGTTVTVSS,EIVMTQSPATLSVSPGERATLSCRASQSVS-----SHLAWYQQKPGQAPRLLIYG----ASTRATGIPTRFSGS--GSGTEFTLTISSLQSEDFAVYYCQQYNNWP---PL-TFGGGTKVEIK,EVQLVESGGGLVQPGGSQRLSCAASGFTV--SSNYMSWIRQAPGKGLEWVSVIYS--GG-SAYYVDSVKGRFTISRDNSKNTLYLQMNSLRPEDTAVYYCARIA----------------------NYMDVWGKGTTVTVSSEIVMTQSPATLSVSPGERATLSCRASQSVS-----SHLAWYQQKPGQAPRLLIYG----ASTRATGIPTRFSGS--GSGTEFTLTISSLQSEDFAVYYCQQYNNWP---PL-TFGGGTKVEIK
COV047,C149,45.42,139.99,271.02,,1.79,,Other,QVQLVESGGGVVQPGRSLRLSCAASGFTFSTYGMHWVRQAPGKGLEWVAVISYDGSNKYFADSVKGRFTISRDNSKNTLYLQMNSLRPEDTAVYYCAKVGMEYSSGWYGEEIDFWGQGTLVTVSS,DIQMTQSPSSLSASVGDRVTITCRASQSISSYLNWYQQKPGKVPKLLIYAASSLQSGVPSRFSGSGSGTDFTLTISSLQPEDFATYYCQQSYRTPLTFGGGTKVEIK,QVQLVESGGGVVQPGRSLRLSCAASGFTF--STYGMHWVRQAPGKGLEWVAVISY--DGSNKYFADSVKGRFTISRDNSKNTLYLQMNSLRPEDTAVYYCAKVGMEYSS------G-------WYGEEIDFWGQGTLVTVSS,DIQMTQSPSSLSASVGDRVTITCRASQSIS-----SYLNWYQQKPGKVPKLLIYA----ASSLQSGVPSRFSGS--GSGTDFTLTISSLQPEDFATYYCQQSYRTP-----LTFGGGTKVEIK,QVQLVESGGGVVQPGRSLRLSCAASGFTF--STYGMHWVRQAPGKGLEWVAVISY--DGSNKYFADSVKGRFTISRDNSKNTLYLQMNSLRPEDTAVYYCAKVGMEYSS------G-------WYGEEIDFWGQGTLVTVSSDIQMTQSPSSLSASVGDRVTITCRASQSIS-----SYLNWYQQKPGKVPKLLIYA----ASSLQSGVPSRFSGS--GSGTDFTLTISSLQPEDFATYYCQQSYRTP-----LTFGGGTKVEIK
COV047,C150,1000.0,1000.0,1000.0,,8.11,1000.0,IGHV3-74 (Human),EVQLVESGGGLVQPGGSLRLSCVASGFTFSSYWMHWVRQVPGKGPVWVSHINSEGSSTNYADSVRGRFTISRDNAKDTLYLQMNNLRAEDTAVYYCARPTAVAAAGNYFYYYGMDVWGQGTTVTVSS,QSALTQPASVSGSPGQSITISCTGTSSDVGYYNFVSWYQQHPGKAPKLMIYEVSNRPSGVSNRFSGSKSGNTASLIISGLQAEDEADYYCSSYRSSSTLVFGGGTKLTVL,EVQLVESGGGLVQPGGSLRLSCVASGFTF--SSYWMHWVRQVPGKGPVWVSHINS--EGSSTNYADSVRGRFTISRDNAKDTLYLQMNNLRAEDTAVYYCARPTAVAAA------GNY-----FYYYGMDVWGQGTTVTVSS,QSALTQPAS-VSGSPGQSITISCTGTSSDV--GYYNFVSWYQQHPGKAPKLMIYE----VSNRPSGVSNRFSGS--KSGNTASLIISGLQAEDEADYYCSSYRSSS----TLVFGGGTKLTVL,EVQLVESGGGLVQPGGSLRLSCVASGFTF--SSYWMHWVRQVPGKGPVWVSHINS--EGSSTNYADSVRGRFTISRDNAKDTLYLQMNNLRAEDTAVYYCARPTAVAAA------GNY-----FYYYGMDVWGQGTTVTVSSQSALTQPAS-VSGSPGQSITISCTGTSSDV--GYYNFVSWYQQHPGKAPKLMIYE----VSNRPSGVSNRFSGS--KSGNTASLIISGLQAEDEADYYCSSYRSSS----TLVFGGGTKLTVL
COV047,C151,31.79,363.97,1000.0,,4.3,1000.0,IGHV3-21 (Human),EVQLVESGGGLVKPGGSLRLSCAASGFTFSSYNMNWVRQAPGKGLEWVSCISSSSSYIYYADSVKGRFTISRDNAKNSLYLQMNSLRAEDTAVYYCARERGYDGGKTPPFLGGQGTLVTVSS,NFMLTQPHSVSESPGKTVTISCTGSSGSIASNYVQWYQQRPGSAPTTVIYEDNQRPSGVPDRFSGSIDSSSNSASLTISGLKTEDEADYYCQSYDSSNYWVFGGGTKLTVL,EVQLVESGGGLVKPGGSLRLSCAASGFTF--SSYNMNWVRQAPGKGLEWVSCISS--SSSYIYYADSVKGRFTISRDNAKNSLYLQMNSLRAEDTAVYYCARERGYDGG------K-------TPPF---LGGQGTLVTVSS,NFMLTQPHS-VSESPGKTVTISCTGSSGSI--ASN-YVQWYQQRPGSAPTTVIYE----DNQRPSGVPDRFSGSIDSSSNSASLTISGLKTEDEADYYCQSYDSSN---YWV-FGGGTKLTVL,EVQLVESGGGLVKPGGSLRLSCAASGFTF--SSYNMNWVRQAPGKGLEWVSCISS--SSSYIYYADSVKGRFTISRDNAKNSLYLQMNSLRAEDTAVYYCARERGYDGG------K-------TPPF---LGGQGTLVTVSSNFMLTQPHS-VSESPGKTVTISCTGSSGSI--ASN-YVQWYQQRPGSAPTTVIYE----DNQRPSGVPDRFSGSIDSSSNSASLTISGLKTEDEADYYCQSYDSSN---YWV-FGGGTKLTVL
COV047,C152,22.27,122.06,330.67,,1.88,,Other,QVQLVQSGAEVKKPGASVKVSCKASGYTFTSYGISWVRQAPGQGLEWMGWISAYNGNTNYAQKLQGRVTMTTDTSTSTAYMELRSLRSDDTAVFYCARDRGGHDFWSGYGFYYYYGMDVWGQGTTVTVSS,DIQMTQSPSSLSASVGDRVTITCRASQGISNYLAWYQQRPGKVPKLLIFAASTLQSGVPSRFSGSGSGTDFTLTISSLQPEDVATYYCQKYNSAPRTFGQGTKVEIK,QVQLVQSGAEVKKPGASVKVSCKASGYTF--TSYGISWVRQAPGQGLEWMGWISA--YNGNTNYAQKLQGRVTMTTDTSTSTAYMELRSLRSDDTAVFYCARDRGGHDFW--------SGYGFYYYYGMDVWGQGTTVTVSS,DIQMTQSPSSLSASVGDRVTITCRASQGIS-----NYLAWYQQRPGKVPKLLIFA----ASTLQSGVPSRFSGS--GSGTDFTLTISSLQPEDVATYYCQKYN-SA---P-RTFGQGTKVEIK,QVQLVQSGAEVKKPGASVKVSCKASGYTF--TSYGISWVRQAPGQGLEWMGWISA--YNGNTNYAQKLQGRVTMTTDTSTSTAYMELRSLRSDDTAVFYCARDRGGHDFW--------SGYGFYYYYGMDVWGQGTTVTVSSDIQMTQSPSSLSASVGDRVTITCRASQGIS-----NYLAWYQQRPGKVPKLLIFA----ASTLQSGVPSRFSGS--GSGTDFTLTISSLQPEDVATYYCQKYN-SA---P-RTFGQGTKVEIK
COV047,C153,70.71,490.08,1000.0,,3.17,1000.0,IGHV3-53 (Human),EVQLVESGGGLIQPGGSLRLSCAASGFTVSSNYMSWVRQAPGKGLEWVSVIYSGYSTYYVDSVKGRFTISRDNSKNTLYLQMNSLRAEDTAVYYCARVGGAHSGYDGSFDYWGQGTLVTVSS,QSALTQPASVSGSPGQSITISCTGTSSDVGSYNLVSWYQQHPGKAPKLMIYEGSKRPSGVSNRFSGSKSGNTASLTISGLQAEDEADYYCCSYAGSSTWVFGGGTKLTVL,EVQLVESGGGLIQPGGSLRLSCAASGFTV--SSNYMSWVRQAPGKGLEWVSVIYS--GY-STYYVDSVKGRFTISRDNSKNTLYLQMNSLRAEDTAVYYCARVGGAHSG---------------YDGSFDYWGQGTLVTVSS,QSALTQPAS-VSGSPGQSITISCTGTSSDV--GSYNLVSWYQQHPGKAPKLMIYE----GSKRPSGVSNRFSGS--KSGNTASLTISGLQAEDEADYYCCSYAGSS----TWVFGGGTKLTVL,EVQLVESGGGLIQPGGSLRLSCAASGFTV--SSNYMSWVRQAPGKGLEWVSVIYS--GY-STYYVDSVKGRFTISRDNSKNTLYLQMNSLRAEDTAVYYCARVGGAHSG---------------YDGSFDYWGQGTLVTVSSQSALTQPAS-VSGSPGQSITISCTGTSSDV--GSYNLVSWYQQHPGKAPKLMIYE----GSKRPSGVSNRFSGS--KSGNTASLTISGLQAEDEADYYCCSYAGSS----TWVFGGGTKLTVL
COV047,C154,435.5,1000.0,1000.0,1000.0,2.92,10.65,IGHV3-30 (Human),QVQLVESGGGVVQPGRSLRLSCAASGFTFSRYGMHWVRQAPGKGLEWVAVMSYDGSSKYYADSVKGRFTISRDNSKNTLCLQMNSLRAEDTAVYYCAKQAGPYCSGGSCYSAPFDYWGQGTLVTVSS,DIQMTQSPSSLSASVGDRVTITCQASQGISNYLNWYQQKPGKAPKLLIYDASNLETGVPSRFSGSGSGTDFTFTISSLQPEDIATYYCQQYDNLPITFGQGTRLEIK,QVQLVESGGGVVQPGRSLRLSCAASGFTF--SRYGMHWVRQAPGKGLEWVAVMSY--DGSSKYYADSVKGRFTISRDNSKNTLCLQMNSLRAEDTAVYYCAKQAGPYCS------G-----GSCYSAPFDYWGQGTLVTVSS,DIQMTQSPSSLSASVGDRVTITCQASQGIS-----NYLNWYQQKPGKAPKLLIYD----ASNLETGVPSRFSGS--GSGTDFTFTISSLQPEDIATYYCQQYDNL----P-ITFGQGTRLEIK,QVQLVESGGGVVQPGRSLRLSCAASGFTF--SRYGMHWVRQAPGKGLEWVAVMSY--DGSSKYYADSVKGRFTISRDNSKNTLCLQMNSLRAEDTAVYYCAKQAGPYCS------G-----GSCYSAPFDYWGQGTLVTVSSDIQMTQSPSSLSASVGDRVTITCQASQGIS-----NYLNWYQQKPGKAPKLLIYD----ASNLETGVPSRFSGS--GSGTDFTFTISSLQPEDIATYYCQQYDNL----P-ITFGQGTRLEIK
COV047,C155,11.0,35.75,77.01,,3.3,1000.0,IGHV3-53 (Human),EVQLVESGGGLIQPGGSLRLSCAASGFIVSSNYMSWVRQAPGKGLEWVSVIYSGGSTFYADSVKGRFTISRDNSKNTLYLQMNSLRAEDTAVYYCARDFGEFYFDYWGQGTLVTVSS,EIVMTQSPATLSVSPGERATLSCRASQSVSSNLAWYQQKPGQAPRLLIYGASTRATAIPARFSGSGSGTEFTLTISSLQSEDFAVYYCQQYNNWPRTFGQGTKVEIK,EVQLVESGGGLIQPGGSLRLSCAASGFIV--SSNYMSWVRQAPGKGLEWVSVIYS--GG-STFYADSVKGRFTISRDNSKNTLYLQMNSLRAEDTAVYYCARDFG--------------------EFYFDYWGQGTLVTVSS,EIVMTQSPATLSVSPGERATLSCRASQSVS-----SNLAWYQQKPGQAPRLLIYG----ASTRATAIPARFSGS--GSGTEFTLTISSLQSEDFAVYYCQQYNNWP----R-TFGQGTKVEIK,EVQLVESGGGLIQPGGSLRLSCAASGFIV--SSNYMSWVRQAPGKGLEWVSVIYS--GG-STFYADSVKGRFTISRDNSKNTLYLQMNSLRAEDTAVYYCARDFG--------------------EFYFDYWGQGTLVTVSSEIVMTQSPATLSVSPGERATLSCRASQSVS-----SNLAWYQQKPGQAPRLLIYG----ASTRATAIPARFSGS--GSGTEFTLTISSLQSEDFAVYYCQQYNNWP----R-TFGQGTKVEIK
COV047,C156,1000.0,1000.0,1000.0,,3.32,1000.0,IGHV3-30 (Human),QVQLVESGGGVVQPGRSLRLSCAASGFTFSNYGMHWVRQAPGKGLEWVAVISYDGNNKYYADSVKGRFTISRDNSKNTLYLQMNSLRAEDTAVYYCAKDPFPLAVAGTGYFDYWGQGTLVTVSS,SYELTQPPSVSVAPGQTARISCGGNNIGSKNVHWYQQKPGQAPVLVVYDDSDRPSGIPERFSGSNSGNTATLTISRVEAGDEADYYCQVWDSSSDPWVFGGGTKLTVL,QVQLVESGGGVVQPGRSLRLSCAASGFTF--SNYGMHWVRQAPGKGLEWVAVISY--DGNNKYYADSVKGRFTISRDNSKNTLYLQMNSLRAEDTAVYYCAKDPFPLAV------A-----GT---GYFDYWGQGTLVTVSS,SYELTQPPS-VSVAPGQTARISCGGNN--I--G-SKNVHWYQQKPGQAPVLVVYD----DSDRPSGIPERFSGS--NSGNTATLTISRVEAGDEADYYCQVWDSSSDP---WVFGGGTKLTVL,QVQLVESGGGVVQPGRSLRLSCAASGFTF--SNYGMHWVRQAPGKGLEWVAVISY--DGNNKYYADSVKGRFTISRDNSKNTLYLQMNSLRAEDTAVYYCAKDPFPLAV------A-----GT---GYFDYWGQGTLVTVSSSYELTQPPS-VSVAPGQTARISCGGNN--I--G-SKNVHWYQQKPGQAPVLVVYD----DSDRPSGIPERFSGS--NSGNTATLTISRVEAGDEADYYCQVWDSSSDP---WVFGGGTKLTVL
COV047,C160,1000.0,1000.0,1000.0,,2.54,,Other,QVQLVQSGAEVKKPGASVKVSCKASGYTFTSYGISWVRQAPGQGLEWMGWISAYNGNTNYAQKLQGRVTMTTDTSTSTAYMELRSLRSDDTAVYYCARVPASYGDDDYYYYYGMDVWGQGTTVTVSS,SYELTQPPSVSVSPGQTARITCSGDALPKQYAYWYQQKPGQAPVLVIYKDSERPSGIPERFSGSSSGTTVTLTISGVQAEDEADYYCQSADSSGTLWVFGGGTKLTVL,QVQLVQSGAEVKKPGASVKVSCKASGYTF--TSYGISWVRQAPGQGLEWMGWISA--YNGNTNYAQKLQGRVTMTTDTSTSTAYMELRSLRSDDTAVYYCARVPAS---Y--------GDDDYYYYYGMDVWGQGTTVTVSS,SYELTQPPS-VSVSPGQTARITCSGDA--L--P-KQYAYWYQQKPGQAPVLVIYK----DSERPSGIPERFSGS--SSGTTVTLTISGVQAEDEADYYCQSADSSGT---LWVFGGGTKLTVL,QVQLVQSGAEVKKPGASVKVSCKASGYTF--TSYGISWVRQAPGQGLEWMGWISA--YNGNTNYAQKLQGRVTMTTDTSTSTAYMELRSLRSDDTAVYYCARVPAS---Y--------GDDDYYYYYGMDVWGQGTTVTVSSSYELTQPPS-VSVSPGQTARITCSGDA--L--P-KQYAYWYQQKPGQAPVLVIYK----DSERPSGIPERFSGS--SSGTTVTLTISGVQAEDEADYYCQSADSSGT---LWVFGGGTKLTVL
COV107,C161,42.32,232.17,581.63,,1.63,,Other,QVQLQQWGAGLLKPSETLSLTCAVSGGSLSGFYWTWIRQPPGKGLEWIGETNHFGSTDYKPSLKSRVTISVDMSRNQFSLIMTSVTAADTAVYYCARKTLLFSDFSPGAFDIWGQGTMVTVSS,EIVLTQSPGTLSLSPGERATLSCRASQTLTANYLAWYQQKPGQAPRLLIYGASKRATGIPDRFSGSGSGTDFTLSISRLEPEDFAVYYCQQYGTTPRTFGGGTKVEI,QVQLQQWGAGLLKPSETLSLTCAVSGGSL--SGFYWTWIRQPPGKGLEWIGETNH---FGSTDYKPSLKSRVTISVDMSRNQFSLIMTSVTAADTAVYYCARKTL-------L-------FSDFSPGAFDIWGQGTMVTVSS,EIVLTQSPGTLSLSPGERATLSCRASQTLT----ANYLAWYQQKPGQAPRLLIYG----ASKRATGIPDRFSGS--GSGTDFTLSISRLEPEDFAVYYCQQYGTT----PR-TFGGGTKVEI-,QVQLQQWGAGLLKPSETLSLTCAVSGGSL--SGFYWTWIRQPPGKGLEWIGETNH---FGSTDYKPSLKSRVTISVDMSRNQFSLIMTSVTAADTAVYYCARKTL-------L-------FSDFSPGAFDIWGQGTMVTVSSEIVLTQSPGTLSLSPGERATLSCRASQTLT----ANYLAWYQQKPGQAPRLLIYG----ASKRATGIPDRFSGS--GSGTDFTLSISRLEPEDFAVYYCQQYGTT----PR-TFGGGTKVEI-
COV107,C162,14.44,59.81,138.75,,1.18,,Other,QVQLQQWGAGLLKPSETLSLTCAVSGGSLSGFYWTWIRQPPGKGLEWIGETNHFGSTDYKASLKSRVTISVGMSRNQFSLKVTSLTAADTAVYYCARKPLLYSDFSPGAFDVWGQGTMVTVSS,EIVLTQSPGTLSLSPGERATLSCRASQTLTANYLAWYQQKPGQAPRLLIYGASKRAAGIPDRFSGSGSGTDFTLSITRLEPEDFAVYYCQQYHTTPRTFGGGTKVEI,QVQLQQWGAGLLKPSETLSLTCAVSGGSL--SGFYWTWIRQPPGKGLEWIGETNH---FGSTDYKASLKSRVTISVGMSRNQFSLKVTSLTAADTAVYYCARKPL-------L-------YSDFSPGAFDVWGQGTMVTVSS,EIVLTQSPGTLSLSPGERATLSCRASQTLT----ANYLAWYQQKPGQAPRLLIYG----ASKRAAGIPDRFSGS--GSGTDFTLSITRLEPEDFAVYYCQQYHTT----PR-TFGGGTKVEI-,QVQLQQWGAGLLKPSETLSLTCAVSGGSL--SGFYWTWIRQPPGKGLEWIGETNH---FGSTDYKASLKSRVTISVGMSRNQFSLKVTSLTAADTAVYYCARKPL-------L-------YSDFSPGAFDVWGQGTMVTVSSEIVLTQSPGTLSLSPGERATLSCRASQTLT----ANYLAWYQQKPGQAPRLLIYG----ASKRAAGIPDRFSGS--GSGTDFTLSITRLEPEDFAVYYCQQYHTT----PR-TFGGGTKVEI-
COV107,C163,9.65,29.45,57.97,,1.77,,Other,QVQLQQWGAGLLKPSETLSLTCAVSGGSLSGFYWTWIRQPPGKGLEWIGETNHFGSTDYKPSLKSRVTISVDMSRNQFSLKVTSVTAADTAVYYCARKPLLHSDLSPGAFDIWGQGTMVTVSS,EIVLTQSPGTLSLSPGERATLSCRASQTVSANYLAWYQQKAGQAPRLLIYGASKRATGIPDRFSGSGSGTDFTLSISRLEPEDFAVYYCQQYVTTPRTFGGGTKVEI,QVQLQQWGAGLLKPSETLSLTCAVSGGSL--SGFYWTWIRQPPGKGLEWIGETNH---FGSTDYKPSLKSRVTISVDMSRNQFSLKVTSVTAADTAVYYCARKPL-------L-------HSDLSPGAFDIWGQGTMVTVSS,EIVLTQSPGTLSLSPGERATLSCRASQTVS----ANYLAWYQQKAGQAPRLLIYG----ASKRATGIPDRFSGS--GSGTDFTLSISRLEPEDFAVYYCQQYVTT----PR-TFGGGTKVEI-,QVQLQQWGAGLLKPSETLSLTCAVSGGSL--SGFYWTWIRQPPGKGLEWIGETNH---FGSTDYKPSLKSRVTISVDMSRNQFSLKVTSVTAADTAVYYCARKPL-------L-------HSDLSPGAFDIWGQGTMVTVSSEIVLTQSPGTLSLSPGERATLSCRASQTVS----ANYLAWYQQKAGQAPRLLIYG----ASKRATGIPDRFSGS--GSGTDFTLSISRLEPEDFAVYYCQQYVTT----PR-TFGGGTKVEI-
COV047,C164,239.15,865.4,1000.0,,2.06,1000.0,IGHV3-66 (Human),EVQLVESGGGLVQPGGSLRLSCAASGFSVSTKYMTWVRQAPGKGLEWVSVLYSGGSDYYADSVKGRFTISRDNSKNALYLQMNSLRVEDTGVYYCARDSSEVRDHPGHPGRSVGAFDIWGQGTMVTVSS,QSALTQPASVSGSPGQSITISCTGTSNDVGSYTLVSWYQQYPGKAPKLLIFEVTKRSSGISNRFSGSKSGNTASLTISGLQGEDEADYYCCSYAGASTFVFGGGTKLTVL,EVQLVESGGGLVQPGGSLRLSCAASGFSV--STKYMTWVRQAPGKGLEWVSVLYS--GG-SDYYADSVKGRFTISRDNSKNALYLQMNSLRVEDTGVYYCARDSSEVRD------H--PGHPGRSVGAFDIWGQGTMVTVSS,QSALTQPAS-VSGSPGQSITISCTGTSNDV--GSYTLVSWYQQYPGKAPKLLIFE----VTKRSSGISNRFSGS--KSGNTASLTISGLQGEDEADYYCCSYAGAS----TFVFGGGTKLTVL,EVQLVESGGGLVQPGGSLRLSCAASGFSV--STKYMTWVRQAPGKGLEWVSVLYS--GG-SDYYADSVKGRFTISRDNSKNALYLQMNSLRVEDTGVYYCARDSSEVRD------H--PGHPGRSVGAFDIWGQGTMVTVSSQSALTQPAS-VSGSPGQSITISCTGTSNDV--GSYTLVSWYQQYPGKAPKLLIFE----VTKRSSGISNRFSGS--KSGNTASLTISGLQGEDEADYYCCSYAGAS----TFVFGGGTKLTVL
COV072,C165,40.81,138.66,297.38,,4.25,1000.0,IGHV1-69 (Human),QVQLVQSGAEVKKPGSSVKVSCKASGGTFSSYAINWVRQAPGQGLEWMGRIIPIVGIANYAQKFQGRVTITADKSSSTAYMELSSLRSEDTAVYYCARDLLDPQLDDAFDIWGQGTMVTVSS,EIVLTQSPGTLSLSPGERATLSCRASQSVSSTYLAWYQQKPGQAPRLLIYGASSRATGIPDRFSGSGSGTDFTLTISRLEPEDFAVYYCQQYGSSPWTFGQGTKVEIK,QVQLVQSGAEVKKPGSSVKVSCKASGGTF--SSYAINWVRQAPGQGLEWMGRIIP--IVGIANYAQKFQGRVTITADKSSSTAYMELSSLRSEDTAVYYCARDLLDP----------------QLDDAFDIWGQGTMVTVSS,EIVLTQSPGTLSLSPGERATLSCRASQSVS----STYLAWYQQKPGQAPRLLIYG----ASSRATGIPDRFSGS--GSGTDFTLTISRLEPEDFAVYYCQQYGSS----PW-TFGQGTKVEIK,QVQLVQSGAEVKKPGSSVKVSCKASGGTF--SSYAINWVRQAPGQGLEWMGRIIP--IVGIANYAQKFQGRVTITADKSSSTAYMELSSLRSEDTAVYYCARDLLDP----------------QLDDAFDIWGQGTMVTVSSEIVLTQSPGTLSLSPGERATLSCRASQSVS----STYLAWYQQKPGQAPRLLIYG----ASSRATGIPDRFSGS--GSGTDFTLTISRLEPEDFAVYYCQQYGSS----PW-TFGQGTKVEIK
COV96,C201,1000.0,1000.0,1000.0,,2.98,1000.0,IGHV3-9 (Human),EVQLVESGGGLVQPGRSLRLSCAASGFTFDDYAMHWVRQAPGKGLEWVSGISWNSGSIGYADSVKGRFTISRDNAKNSLYLQMNSLRAEDTALYYCVKGVEYSSSSNFDYWGQGTLVTVSS,IRMTQSPSSVSASVGDRVTITCRASQGISSWLAWYQQKPGKAPKLLIYVESSLQSGVPSRFSGSGSGTDFTLTISSLQPEDFATYYCQQANSFPLTFGGGTKVEIK,EVQLVESGGGLVQPGRSLRLSCAASGFTF--DDYAMHWVRQAPGKGLEWVSGISW--NSGSIGYADSVKGRFTISRDNAKNSLYLQMNSLRAEDTALYYCVKGVE-----------------YSSSSNFDYWGQGTLVTVSS,-IRMTQSPSSVSASVGDRVTITCRASQGIS-----SWLAWYQQKPGKAPKLLIYV----ESSLQSGVPSRFSGS--GSGTDFTLTISSLQPEDFATYYCQQANSF----P-LTFGGGTKVEIK,EVQLVESGGGLVQPGRSLRLSCAASGFTF--DDYAMHWVRQAPGKGLEWVSGISW--NSGSIGYADSVKGRFTISRDNAKNSLYLQMNSLRAEDTALYYCVKGVE-----------------YSSSSNFDYWGQGTLVTVSS-IRMTQSPSSVSASVGDRVTITCRASQGIS-----SWLAWYQQKPGKAPKLLIYV----ESSLQSGVPSRFSGS--GSGTDFTLTISSLQPEDFATYYCQQANSF----P-LTFGGGTKVEIK
COV96,C202,1000.0,1000.0,1000.0,,3.4,1000.0,IGHV3-66 (Human),EVQLVESGGGLVQPGGSLRLSCAASGFTVSSNYMSWVRQAPGKGLEWVSLIYSGGSTYYADSVKGRFTISRDNSKNTLYLQMNSLRAEDTAVYYCARDTLGRGGDYWGQGTLVTVSS,DIQLTQSPSSLSASVGDRVTITCQASQDISNYLNWYQQKPGKAPKLLIYDASNLETGVPSRFSGSGSGTDFTFTISSLQPEDIATYYCQQYDNLPRSFGQGTKLEIK,EVQLVESGGGLVQPGGSLRLSCAASGFTV--SSNYMSWVRQAPGKGLEWVSLIYS--GG-STYYADSVKGRFTISRDNSKNTLYLQMNSLRAEDTAVYYCARDTL--------------------GRGGDYWGQGTLVTVSS,DIQLTQSPSSLSASVGDRVTITCQASQDIS-----NYLNWYQQKPGKAPKLLIYD----ASNLETGVPSRFSGS--GSGTDFTFTISSLQPEDIATYYCQQYDNL----P-RSFGQGTKLEIK,EVQLVESGGGLVQPGGSLRLSCAASGFTV--SSNYMSWVRQAPGKGLEWVSLIYS--GG-STYYADSVKGRFTISRDNSKNTLYLQMNSLRAEDTAVYYCARDTL--------------------GRGGDYWGQGTLVTVSSDIQLTQSPSSLSASVGDRVTITCQASQDIS-----NYLNWYQQKPGKAPKLLIYD----ASNLETGVPSRFSGS--GSGTDFTFTISSLQPEDIATYYCQQYDNL----P-RSFGQGTKLEIK
COV96,C204,1000.0,1000.0,1000.0,1000.0,3.73,9.41,IGHV3-23 (Human),EVQLLESGGGLEQPGGSLRLSCAASGFTFSTYAMSWVRQAPGKGLEWVSAISGSGAGTFYADSVKGRFTISRDNSKNTLYLQMNSLRAEDTAVYYCARESDCGSTSCYQVGWFDPWGQGTLVTVSS,DIQLTQSPSSLSASVGDRVTITCRASQSISSYLNWYQQKPGKAPKLLIYAASSLQSGVPSRFSGSGSGTDFTLTISSLQPEDFATYYCQQSYSTPPWTFGQGTKVEIK,EVQLLESGGGLEQPGGSLRLSCAASGFTF--STYAMSWVRQAPGKGLEWVSAISG--SGAGTFYADSVKGRFTISRDNSKNTLYLQMNSLRAEDTAVYYCARESDCGST------S------CYQVGWFDPWGQGTLVTVSS,DIQLTQSPSSLSASVGDRVTITCRASQSIS-----SYLNWYQQKPGKAPKLLIYA----ASSLQSGVPSRFSGS--GSGTDFTLTISSLQPEDFATYYCQQSYSTP---P-WTFGQGTKVEIK,EVQLLESGGGLEQPGGSLRLSCAASGFTF--STYAMSWVRQAPGKGLEWVSAISG--SGAGTFYADSVKGRFTISRDNSKNTLYLQMNSLRAEDTAVYYCARESDCGST------S------CYQVGWFDPWGQGTLVTVSSDIQLTQSPSSLSASVGDRVTITCRASQSIS-----SYLNWYQQKPGKAPKLLIYA----ASSLQSGVPSRFSGS--GSGTDFTLTISSLQPEDFATYYCQQSYSTP---P-WTFGQGTKVEIK
COV96,C205,1000.0,1000.0,1000.0,,1000.0,1000.0,IGHV1-46 (Human),QVQLVQSGAEVKKPGASVKVSCKASGHTFTSYYMHWVRQAPGQGLEWMGIINPSGGSTSYAQKFQGRVTMTRDTSTSTVYMELSSLRSEDTAVYYCARGPERGIVGATDYFDYWGQGTLVTVSS,EIVLTQSPGTLSLSPGERATLSCRASQSVSSSYLAWYQQKPGQAPRLLIYGASSRATGIPDRFSGSGSGTDFTLTISRLEPEDFAVYYCQQYVSSPWTFGQGTKVEIK,QVQLVQSGAEVKKPGASVKVSCKASGHTF--TSYYMHWVRQAPGQGLEWMGIINP--SGGSTSYAQKFQGRVTMTRDTSTSTVYMELSSLRSEDTAVYYCARGPERGIV-----------GA---TDYFDYWGQGTLVTVSS,EIVLTQSPGTLSLSPGERATLSCRASQSVS----SSYLAWYQQKPGQAPRLLIYG----ASSRATGIPDRFSGS--GSGTDFTLTISRLEPEDFAVYYCQQYVSS----PW-TFGQGTKVEIK,QVQLVQSGAEVKKPGASVKVSCKASGHTF--TSYYMHWVRQAPGQGLEWMGIINP--SGGSTSYAQKFQGRVTMTRDTSTSTVYMELSSLRSEDTAVYYCARGPERGIV-----------GA---TDYFDYWGQGTLVTVSSEIVLTQSPGTLSLSPGERATLSCRASQSVS----SSYLAWYQQKPGQAPRLLIYG----ASSRATGIPDRFSGS--GSGTDFTLTISRLEPEDFAVYYCQQYVSS----PW-TFGQGTKVEIK
COV96,C207,158.52,960.39,1000.0,,1.87,1000.0,IGHV3-23 (Human),EVQLLESGGGLVQPGGSLRLSCAASGFTFSSYAMSWVRQAPGKGLEWVSAISGSGGSTYYADSVKGRFTISRDNSKNTLYLQMNSLRAEDTAVYYCAKEPIGQPLLWWDYWGQGTLVTVSS,EIVLTQSPATLSLSPGERATLSCRASQSVSSYLAWYQQKPGQAPRLLIYDASNRATGIPARFSGSGSGTDFTLTISSLEPEDFAVYYCQQRSNWPRGFGQGTKVEIK,EVQLLESGGGLVQPGGSLRLSCAASGFTF--SSYAMSWVRQAPGKGLEWVSAISG--SGGSTYYADSVKGRFTISRDNSKNTLYLQMNSLRAEDTAVYYCAKEPI--GQ---------------PLLWWDYWGQGTLVTVSS,EIVLTQSPATLSLSPGERATLSCRASQSVS-----SYLAWYQQKPGQAPRLLIYD----ASNRATGIPARFSGS--GSGTDFTLTISSLEPEDFAVYYCQQRSNWP---R--GFGQGTKVEIK,EVQLLESGGGLVQPGGSLRLSCAASGFTF--SSYAMSWVRQAPGKGLEWVSAISG--SGGSTYYADSVKGRFTISRDNSKNTLYLQMNSLRAEDTAVYYCAKEPI--GQ---------------PLLWWDYWGQGTLVTVSSEIVLTQSPATLSLSPGERATLSCRASQSVS-----SYLAWYQQKPGQAPRLLIYD----ASNRATGIPARFSGS--GSGTDFTLTISSLEPEDFAVYYCQQRSNWP---R--GFGQGTKVEIK
COV96,C208,1000.0,1000.0,1000.0,,1000.0,1000.0,IGHV5-51 (Human),EVQLVQSGAEVKKPGESLKISCKGSGYSFTSYWIGWVRQMPGKGLEWMGIIYPGDSDTRYSPSFQGQVTISADKSISTAYLKWSSLKASDSAMYYCARGPNLQNWFDPWGQGTLVTVSS,EIVLTQSPGTLSLSPGERATLSCRASQSVSGSYLAWYQQRPGQAPRLLIYGASSRATGIPDRFSGSGSGTDFTLTISRLEPEDFAVYYCQQYGSSLTFGGGTKVEIK,EVQLVQSGAEVKKPGESLKISCKGSGYSF--TSYWIGWVRQMPGKGLEWMGIIYP--GDSDTRYSPSFQGQVTISADKSISTAYLKWSSLKASDSAMYYCARGPNLQ-----------------NW--FDPWGQGTLVTVSS,EIVLTQSPGTLSLSPGERATLSCRASQSVS----GSYLAWYQQRPGQAPRLLIYG----ASSRATGIPDRFSGS--GSGTDFTLTISRLEPEDFAVYYCQQYGSS-----L-TFGGGTKVEIK,EVQLVQSGAEVKKPGESLKISCKGSGYSF--TSYWIGWVRQMPGKGLEWMGIIYP--GDSDTRYSPSFQGQVTISADKSISTAYLKWSSLKASDSAMYYCARGPNLQ-----------------NW--FDPWGQGTLVTVSSEIVLTQSPGTLSLSPGERATLSCRASQSVS----GSYLAWYQQRPGQAPRLLIYG----ASSRATGIPDRFSGS--GSGTDFTLTISRLEPEDFAVYYCQQYGSS-----L-TFGGGTKVEIK
COV96,C209,1000.0,1000.0,1000.0,,3.79,1000.0,Other,QVQLVQSGAEVKKSGASVKVSCKASGYTFTSYDINWVRQATGQGLEWMGWMNPNSGNTGYAQKFQGRVTMTRNTSISTAYMXLSSLXSXXTAVYYCAXGFSLTWYFDLWGRGXLVTXSS,SYELTQPPSVSVAPGKTARITCGGNNIGSKSVHWYQQKPGHAPVLVVYDDSDRPSGIPERFSGSNSGNTATLTISRVEAGDEADYYCQVWDSTGGHPDVVFGGGTKLTVL,QVQLVQSGAEVKKSGASVKVSCKASGYTF--TSYDINWVRQATGQGLEWMGWMNP--NSGNTGYAQKFQGRVTMTRNTSISTAYMXLSSLXSXXTAVYYCAXG-------------------FSLTWYFDLWGRGXLVTXSS,SYELTQPPS-VSVAPGKTARITCGGNN--I--G-SKSVHWYQQKPGHAPVLVVYD----DSDRPSGIPERFSGS--NSGNTATLTISRVEAGDEADYYCQVWDSTGGH-PDVVFGGGTKLTVL,QVQLVQSGAEVKKSGASVKVSCKASGYTF--TSYDINWVRQATGQGLEWMGWMNP--NSGNTGYAQKFQGRVTMTRNTSISTAYMXLSSLXSXXTAVYYCAXG-------------------FSLTWYFDLWGRGXLVTXSSSYELTQPPS-VSVAPGKTARITCGGNN--I--G-SKSVHWYQQKPGHAPVLVVYD----DSDRPSGIPERFSGS--NSGNTATLTISRVEAGDEADYYCQVWDSTGGH-PDVVFGGGTKLTVL
COV96,C210,50.73,155.24,298.9,,2.83,1000.0,IGHV3-53 (Human),EVQLVESGGGLIQPGGSLRLSCAASGFTVSSNYMSWVRQAPGKGLEWVSVIYSGGSTFYADSVKGRFTFSRDNSKNTLYLQMNSLRAEDTAVYYCARDLMAYGMDVWGQGTTVTVSS,DIQLTQSPSFLSASVGDRVTITCRASQGISSYLAWYQQKPGKAPKLLIYAASTLQSGVPSRFSGSGSGTEFTLTISSLQPEDFATYYCQQLNSYPQGTFGGGTKVEIK,EVQLVESGGGLIQPGGSLRLSCAASGFTV--SSNYMSWVRQAPGKGLEWVSVIYS--GG-STFYADSVKGRFTFSRDNSKNTLYLQMNSLRAEDTAVYYCARD-----L---------------MAYGMDVWGQGTTVTVSS,DIQLTQSPSFLSASVGDRVTITCRASQGIS-----SYLAWYQQKPGKAPKLLIYA----ASTLQSGVPSRFSGS--GSGTEFTLTISSLQPEDFATYYCQQLNSYP---Q-GTFGGGTKVEIK,EVQLVESGGGLIQPGGSLRLSCAASGFTV--SSNYMSWVRQAPGKGLEWVSVIYS--GG-STFYADSVKGRFTFSRDNSKNTLYLQMNSLRAEDTAVYYCARD-----L---------------MAYGMDVWGQGTTVTVSSDIQLTQSPSFLSASVGDRVTITCRASQGIS-----SYLAWYQQKPGKAPKLLIYA----ASTLQSGVPSRFSGS--GSGTEFTLTISSLQPEDFATYYCQQLNSYP---Q-GTFGGGTKVEIK
COV96,C211,12.79,34.87,62.89,,2.82,1000.0,IGHV3-66 (Human),EVQLVESGGGLVQPGGSLRLSCAASEFTVSSNYMSWVRQAPGKGLEWVSVIYSGGSTFYADSVKGRFTISRDNSKNTLYLQMNSLRPEDTAVYYCARDYGDFYFDFWGQGTLVTVSS,EIVMTQSPATLSVSPGERATLSCRASQSVSSNLAWYQQKPGQGPRLLIYGASTRATGIPARFSGSGSGTEFTLTISSLQSEDFAVYYCQQYNNWPRTFGQGTKVEIK,EVQLVESGGGLVQPGGSLRLSCAASEFTV--SSNYMSWVRQAPGKGLEWVSVIYS--GG-STFYADSVKGRFTISRDNSKNTLYLQMNSLRPEDTAVYYCARDYG--------------------DFYFDFWGQGTLVTVSS,EIVMTQSPATLSVSPGERATLSCRASQSVS-----SNLAWYQQKPGQGPRLLIYG----ASTRATGIPARFSGS--GSGTEFTLTISSLQSEDFAVYYCQQYNNWP----R-TFGQGTKVEIK,EVQLVESGGGLVQPGGSLRLSCAASEFTV--SSNYMSWVRQAPGKGLEWVSVIYS--GG-STFYADSVKGRFTISRDNSKNTLYLQMNSLRPEDTAVYYCARDYG--------------------DFYFDFWGQGTLVTVSSEIVMTQSPATLSVSPGERATLSCRASQSVS-----SNLAWYQQKPGQGPRLLIYG----ASTRATGIPARFSGS--GSGTEFTLTISSLQSEDFAVYYCQQYNNWP----R-TFGQGTKVEIK
COV96,C212,1000.0,1000.0,1000.0,,1000.0,1000.0,IGHV1-2 (Human),QVQLVQSGAEVKKPGASVKVSCKASGYTVTGYYIHWVRQAPGQGLEWMGWISPNSGGTNYAQKFQGWVTMTRDMSITTAYMELSRLRSDDTAVYYCARERYFDLGGMDVWGQGTTVTVSS,LTQPASVSGSPGQSITISCTGTSSDVGSYNLVSWYQQHPGKAPKLMIYEDSKRPSGVSNRFSGSKSGNTASLTISGLQAEDEADYYCCSYAGSSTRLFGGGTKLTVL,QVQLVQSGAEVKKPGASVKVSCKASGYTV--TGYYIHWVRQAPGQGLEWMGWISP--NSGGTNYAQKFQGWVTMTRDMSITTAYMELSRLRSDDTAVYYCARERYFDLG------------------GMDVWGQGTTVTVSS,---LTQPAS-VSGSPGQSITISCTGTSSDV--GSYNLVSWYQQHPGKAPKLMIYE----DSKRPSGVSNRFSGS--KSGNTASLTISGLQAEDEADYYCCSYAGSS----TRLFGGGTKLTVL,QVQLVQSGAEVKKPGASVKVSCKASGYTV--TGYYIHWVRQAPGQGLEWMGWISP--NSGGTNYAQKFQGWVTMTRDMSITTAYMELSRLRSDDTAVYYCARERYFDLG------------------GMDVWGQGTTVTVSS---LTQPAS-VSGSPGQSITISCTGTSSDV--GSYNLVSWYQQHPGKAPKLMIYE----DSKRPSGVSNRFSGS--KSGNTASLTISGLQAEDEADYYCCSYAGSS----TRLFGGGTKLTVL
COV96,C214,1000.0,1000.0,1000.0,,5.75,1000.0,IGHV3-33 (Human),QVQLVESGGGVVQPGRSLRLSCAASGFTFSSYGMHWVRQAPGKGLEWVAAIWYDGSNKHYADSVKGRFTISRDNSKNTLYLQMNSLRAEDTAVYYCARDVGRVTTWFDPWGQGTLVTVSS,DIQLTQSPSSLSASVGDRVTITCRASQSISSYLTWYQQKPGKAPKLLIYAASSLQSGVPSRFSGSGSGTDFTLTISSLQPEDFATYYCQQSYSTPPWTFGQGTKVEIK,QVQLVESGGGVVQPGRSLRLSCAASGFTF--SSYGMHWVRQAPGKGLEWVAAIWY--DGSNKHYADSVKGRFTISRDNSKNTLYLQMNSLRAEDTAVYYCARDV---G---------------RVTTWFDPWGQGTLVTVSS,DIQLTQSPSSLSASVGDRVTITCRASQSIS-----SYLTWYQQKPGKAPKLLIYA----ASSLQSGVPSRFSGS--GSGTDFTLTISSLQPEDFATYYCQQSYSTP---P-WTFGQGTKVEIK,QVQLVESGGGVVQPGRSLRLSCAASGFTF--SSYGMHWVRQAPGKGLEWVAAIWY--DGSNKHYADSVKGRFTISRDNSKNTLYLQMNSLRAEDTAVYYCARDV---G---------------RVTTWFDPWGQGTLVTVSSDIQLTQSPSSLSASVGDRVTITCRASQSIS-----SYLTWYQQKPGKAPKLLIYA----ASSLQSGVPSRFSGS--GSGTDFTLTISSLQPEDFATYYCQQSYSTP---P-WTFGQGTKVEIK
COV96,C215,1000.0,1000.0,1000.0,1000.0,5.33,17.94,IGHV3-23 (Human),EVQLLESGGGLVQPGGSLRLSCAASGFTFSSYAMSWVRQAPGKGLEWVSAITDSGDGTFYADSVKGRFTISRDNSKNTLYLQMNSLRAEDTAVYYCASEEDYSNYVGWFDPWGQGTLVTVSS,DIQLTQSPSSLSASVGDRVTITCRASQSISSYLNWYQQKPGKAPKLLIYAASSLQSGVPSRFSGSGSGTDFTLTISSLQPEDFATYYCQQSYSTPPWTFGQGTKVEIK,EVQLLESGGGLVQPGGSLRLSCAASGFTF--SSYAMSWVRQAPGKGLEWVSAITD--SGDGTFYADSVKGRFTISRDNSKNTLYLQMNSLRAEDTAVYYCASEEDYS----------------NYVGWFDPWGQGTLVTVSS,DIQLTQSPSSLSASVGDRVTITCRASQSIS-----SYLNWYQQKPGKAPKLLIYA----ASSLQSGVPSRFSGS--GSGTDFTLTISSLQPEDFATYYCQQSYSTP---P-WTFGQGTKVEIK,EVQLLESGGGLVQPGGSLRLSCAASGFTF--SSYAMSWVRQAPGKGLEWVSAITD--SGDGTFYADSVKGRFTISRDNSKNTLYLQMNSLRAEDTAVYYCASEEDYS----------------NYVGWFDPWGQGTLVTVSSDIQLTQSPSSLSASVGDRVTITCRASQSIS-----SYLNWYQQKPGKAPKLLIYA----ASSLQSGVPSRFSGS--GSGTDFTLTISSLQPEDFATYYCQQSYSTP---P-WTFGQGTKVEIK
