pdb,pdb_location,fasta_location,chain,aa_sequence
6XCM,1,0,H,Q
6XCM,2,1,H,V
6XCM,3,2,H,Q
6XCM,4,3,H,L
6XCM,5,4,H,V
6XCM,6,5,H,E
6XCM,7,6,H,S
6XCM,8,7,H,G
6XCM,9,8,H,G
6XCM,10,9,H,G
6XCM,11,10,H,L
6XCM,12,11,H,I
6XCM,13,12,H,Q
6XCM,14,13,H,P
6XCM,15,14,H,G
6XCM,16,15,H,G
6XCM,17,16,H,S
6XCM,18,17,H,L
6XCM,19,18,H,R
6XCM,20,19,H,L
6XCM,21,20,H,S
6XCM,22,21,H,C
6XCM,23,22,H,A
6XCM,24,23,H,A
6XCM,25,24,H,S
6XCM,26,25,H,G
6XCM,27,26,H,F
6XCM,28,27,H,T
6XCM,29,28,H,V
6XCM,30,29,H,S
6XCM,31,30,H,S
6XCM,32,31,H,N
6XCM,33,32,H,Y
6XCM,34,33,H,M
6XCM,35,34,H,S
6XCM,36,35,H,W
6XCM,37,36,H,V
6XCM,38,37,H,R
6XCM,39,38,H,Q
6XCM,40,39,H,A
6XCM,41,40,H,P
6XCM,42,41,H,G
6XCM,43,42,H,K
6XCM,44,43,H,G
6XCM,45,44,H,L
6XCM,46,45,H,E
6XCM,47,46,H,W
6XCM,48,47,H,V
6XCM,49,48,H,S
6XCM,50,49,H,V
6XCM,51,50,H,I
6XCM,52,51,H,Y
6XCM,53,52,H,S
6XCM,54,53,H,G
6XCM,55,54,H,G
6XCM,56,55,H,S
6XCM,57,56,H,T
6XCM,58,57,H,Y
6XCM,59,58,H,Y
6XCM,60,59,H,A
6XCM,61,60,H,D
6XCM,62,61,H,S
6XCM,63,62,H,V
6XCM,64,63,H,K
6XCM,65,64,H,G
6XCM,66,65,H,R
6XCM,67,66,H,F
6XCM,68,67,H,T
6XCM,69,68,H,I
6XCM,70,69,H,S
6XCM,71,70,H,R
6XCM,72,71,H,D
6XCM,73,72,H,N
6XCM,74,73,H,S
6XCM,75,74,H,K
6XCM,76,75,H,N
6XCM,77,76,H,T
6XCM,78,77,H,L
6XCM,79,78,H,Y
6XCM,80,79,H,L
6XCM,81,80,H,Q
6XCM,82,81,H,M
6XCM,82A,82,H,N
6XCM,82B,83,H,S
6XCM,82C,84,H,L
6XCM,83,85,H,R
6XCM,84,86,H,A
6XCM,85,87,H,E
6XCM,86,88,H,D
6XCM,87,89,H,T
6XCM,88,90,H,A
6XCM,89,91,H,V
6XCM,90,92,H,Y
6XCM,91,93,H,Y
6XCM,92,94,H,C
6XCM,93,95,H,A
6XCM,94,96,H,R
6XCM,95,97,H,G
6XCM,96,98,H,E
6XCM,97,99,H,G
6XCM,98,100,H,W
6XCM,99,101,H,E
6XCM,100,102,H,L
6XCM,100A,103,H,P
6XCM,100B,104,H,Y
6XCM,101,105,H,D
6XCM,102,106,H,Y
6XCM,103,107,H,W
6XCM,104,108,H,G
6XCM,105,109,H,Q
6XCM,106,110,H,G
6XCM,107,111,H,T
6XCM,108,112,H,L
6XCM,109,113,H,V
6XCM,110,114,H,T
6XCM,111,115,H,V
6XCM,112,116,H,S
6XCM,113,117,H,S
6XCM,114,118,H,A
6XCM,115,119,H,S
6XCM,116,120,H,T
6XCM,117,121,H,K
6XCM,118,122,H,G
6XCM,119,123,H,P
6XCM,120,124,H,S
6XCM,121,125,H,V
6XCM,122,126,H,F
6XCM,123,127,H,P
6XCM,124,128,H,L
6XCM,125,129,H,A
6XCM,126,130,H,P
6XCM,127,131,H,S
6XCM,128,132,H,S
6XCM,129,133,H,K
6XCM,130,134,H,S
6XCM,131,135,H,T
6XCM,132,136,H,S
6XCM,133,137,H,G
6XCM,134,138,H,G
6XCM,135,139,H,T
6XCM,136,140,H,A
6XCM,137,141,H,A
6XCM,138,142,H,L
6XCM,139,143,H,G
6XCM,140,144,H,C
6XCM,141,145,H,L
6XCM,142,146,H,V
6XCM,143,147,H,K
6XCM,144,148,H,D
6XCM,145,149,H,Y
6XCM,146,150,H,F
6XCM,147,151,H,P
6XCM,148,152,H,E
6XCM,149,153,H,P
6XCM,150,154,H,V
6XCM,151,155,H,T
6XCM,152,156,H,V
6XCM,153,157,H,S
6XCM,154,158,H,W
6XCM,155,159,H,N
6XCM,156,160,H,S
6XCM,157,161,H,G
6XCM,158,162,H,A
6XCM,159,163,H,L
6XCM,160,164,H,T
6XCM,161,165,H,S
6XCM,162,166,H,G
6XCM,163,167,H,V
6XCM,164,168,H,H
6XCM,165,169,H,T
6XCM,166,170,H,F
6XCM,167,171,H,P
6XCM,168,172,H,A
6XCM,169,173,H,V
6XCM,170,174,H,L
6XCM,171,175,H,Q
6XCM,172,176,H,S
6XCM,173,177,H,S
6XCM,174,178,H,X
6XCM,175,179,H,L
6XCM,176,180,H,Y
6XCM,177,181,H,S
6XCM,178,182,H,L
6XCM,179,183,H,S
6XCM,180,184,H,S
6XCM,181,185,H,V
6XCM,182,186,H,V
6XCM,183,187,H,T
6XCM,184,188,H,V
6XCM,185,189,H,P
6XCM,186,190,H,S
6XCM,187,191,H,S
6XCM,188,192,H,S
6XCM,189,193,H,L
6XCM,190,194,H,G
6XCM,191,195,H,T
6XCM,192,196,H,Q
6XCM,193,197,H,T
6XCM,194,198,H,Y
6XCM,195,199,H,I
6XCM,196,200,H,C
6XCM,197,201,H,N
6XCM,198,202,H,V
6XCM,199,203,H,N
6XCM,200,204,H,H
6XCM,201,205,H,K
6XCM,202,206,H,P
6XCM,203,207,H,S
6XCM,204,208,H,N
6XCM,205,209,H,T
6XCM,206,210,H,K
6XCM,207,211,H,V
6XCM,208,212,H,D
6XCM,209,213,H,K
6XCM,210,214,H,R
6XCM,211,215,H,V
6XCM,212,216,H,E
6XCM,213,217,H,P
6XCM,214,218,H,K
6XCM,215,219,H,S
6XCM,216,220,H,C
6XCM,217,221,H,D
6XCM,218,222,H,K
6XCM,219,223,H,T
6XCM,220,224,H,H
6XCM,221,225,H,H
6XCM,222,226,H,H
6XCM,223,227,H,H
6XCM,224,228,H,H
6XCM,225,229,H,H
6XCM,1,0,L,Q
6XCM,2,1,L,S
6XCM,3,2,L,A
6XCM,4,3,L,L
6XCM,5,4,L,T
6XCM,6,5,L,Q
6XCM,7,6,L,P
6XCM,8,7,L,P
6XCM,9,8,L,S
6XCM,11,9,L,A
6XCM,12,10,L,S
6XCM,13,11,L,G
6XCM,14,12,L,S
6XCM,15,13,L,P
6XCM,16,14,L,G
6XCM,17,15,L,Q
6XCM,18,16,L,S
6XCM,19,17,L,V
6XCM,20,18,L,T
6XCM,21,19,L,I
6XCM,22,20,L,S
6XCM,23,21,L,C
6XCM,24,22,L,T
6XCM,25,23,L,G
6XCM,26,24,L,T
6XCM,27,25,L,S
6XCM,27A,26,L,S
6XCM,27B,27,L,D
6XCM,27C,28,L,V
6XCM,28,29,L,G
6XCM,29,30,L,G
6XCM,30,31,L,Y
6XCM,31,32,L,K
6XCM,32,33,L,Y
6XCM,33,34,L,V
6XCM,34,35,L,S
6XCM,35,36,L,W
6XCM,36,37,L,Y
6XCM,37,38,L,Q
6XCM,38,39,L,Q
6XCM,39,40,L,H
6XCM,40,41,L,P
6XCM,41,42,L,G
6XCM,42,43,L,K
6XCM,43,44,L,A
6XCM,44,45,L,P
6XCM,45,46,L,K
6XCM,46,47,L,L
6XCM,47,48,L,M
6XCM,48,49,L,I
6XCM,49,50,L,Y
6XCM,50,51,L,E
6XCM,51,52,L,V
6XCM,52,53,L,S
6XCM,53,54,L,K
6XCM,54,55,L,R
6XCM,55,56,L,P
6XCM,56,57,L,S
6XCM,57,58,L,G
6XCM,58,59,L,V
6XCM,59,60,L,P
6XCM,60,61,L,D
6XCM,61,62,L,R
6XCM,62,63,L,F
6XCM,63,64,L,S
6XCM,64,65,L,G
6XCM,65,66,L,S
6XCM,66,67,L,K
6XCM,67,68,L,S
6XCM,68,69,L,G
6XCM,69,70,L,N
6XCM,70,71,L,T
6XCM,71,72,L,A
6XCM,72,73,L,S
6XCM,73,74,L,L
6XCM,74,75,L,T
6XCM,75,76,L,V
6XCM,76,77,L,S
6XCM,77,78,L,G
6XCM,78,79,L,L
6XCM,79,80,L,Q
6XCM,80,81,L,A
6XCM,81,82,L,E
6XCM,82,83,L,D
6XCM,83,84,L,E
6XCM,84,85,L,A
6XCM,85,86,L,D
6XCM,86,87,L,Y
6XCM,87,88,L,Y
6XCM,88,89,L,C
6XCM,89,90,L,S
6XCM,90,91,L,S
6XCM,91,92,L,Y
6XCM,92,93,L,E
6XCM,93,94,L,G
6XCM,94,95,L,S
6XCM,95,96,L,N
6XCM,95A,97,L,N
6XCM,95B,98,L,F
6XCM,96,99,L,V
6XCM,97,100,L,V
6XCM,98,101,L,F
6XCM,99,102,L,G
6XCM,100,103,L,G
6XCM,101,104,L,G
6XCM,102,105,L,T
6XCM,103,106,L,K
6XCM,104,107,L,L
6XCM,105,108,L,T
6XCM,106,109,L,V
6XCM,111,110,L,L
6XCM,112,111,L,G
6XCM,113,112,L,Q
6XCM,114,113,L,P
6XCM,115,114,L,K
6XCM,116,115,L,A
6XCM,117,116,L,A
6XCM,118,117,L,P
6XCM,119,118,L,S
6XCM,120,119,L,V
6XCM,121,120,L,T
6XCM,122,121,L,L
6XCM,123,122,L,F
6XCM,124,123,L,P
6XCM,125,124,L,P
6XCM,126,125,L,S
6XCM,127,126,L,S
6XCM,128,127,L,E
6XCM,129,128,L,E
6XCM,130,129,L,L
6XCM,131,130,L,Q
6XCM,132,131,L,A
6XCM,133,132,L,N
6XCM,134,133,L,K
6XCM,135,134,L,A
6XCM,136,135,L,T
6XCM,137,136,L,L
6XCM,138,137,L,V
6XCM,139,138,L,C
6XCM,140,139,L,L
6XCM,141,140,L,I
6XCM,142,141,L,S
6XCM,143,142,L,D
6XCM,144,143,L,F
6XCM,145,144,L,Y
6XCM,146,145,L,P
6XCM,147,146,L,G
6XCM,148,147,L,A
6XCM,149,148,L,V
6XCM,150,149,L,T
6XCM,151,150,L,V
6XCM,152,151,L,A
6XCM,153,152,L,W
6XCM,154,153,L,K
6XCM,155,154,L,A
6XCM,156,155,L,D
6XCM,157,156,L,S
6XCM,158,157,L,S
6XCM,159,158,L,P
6XCM,160,159,L,V
6XCM,161,160,L,K
6XCM,162,161,L,A
6XCM,163,162,L,G
6XCM,164,163,L,V
6XCM,165,164,L,E
6XCM,166,165,L,T
6XCM,167,166,L,T
6XCM,168,167,L,T
6XCM,169,168,L,P
6XCM,170,169,L,S
6XCM,171,170,L,K
6XCM,172,171,L,Q
6XCM,173,172,L,S
6XCM,174,173,L,N
6XCM,175,174,L,N
6XCM,176,175,L,K
6XCM,177,176,L,Y
6XCM,178,177,L,A
6XCM,179,178,L,A
6XCM,180,179,L,S
6XCM,181,180,L,S
6XCM,182,181,L,Y
6XCM,183,182,L,L
6XCM,184,183,L,S
6XCM,185,184,L,L
6XCM,186,185,L,T
6XCM,187,186,L,P
6XCM,188,187,L,E
6XCM,189,188,L,Q
6XCM,190,189,L,W
6XCM,191,190,L,K
6XCM,192,191,L,S
6XCM,193,192,L,H
6XCM,194,193,L,R
6XCM,195,194,L,S
6XCM,196,195,L,Y
6XCM,197,196,L,S
6XCM,198,197,L,C
6XCM,199,198,L,Q
6XCM,200,199,L,V
6XCM,201,200,L,T
6XCM,202,201,L,H
6XCM,203,202,L,E
6XCM,204,203,L,G
6XCM,205,204,L,S
6XCM,206,205,L,T
6XCM,207,206,L,V
6XCM,208,207,L,E
6XCM,209,208,L,K
6XCM,210,209,L,T
6XCM,211,210,L,V
6XCM,212,211,L,A
6XCM,213,212,L,P
6XCM,214,213,L,T
6XCM,215,214,L,E
6XCM,216,215,L,C
6XCM,217,216,L,S
