pdb,pdb_location,fasta_location,chain,aa
7K8W,1,0,H,Q
7K8W,2,1,H,V
7K8W,3,2,H,Q
7K8W,4,3,H,L
7K8W,5,4,H,V
7K8W,6,5,H,Q
7K8W,7,6,H,S
7K8W,8,7,H,G
7K8W,9,8,H,A
7K8W,10,9,H,E
7K8W,11,10,H,V
7K8W,12,11,H,K
7K8W,13,12,H,K
7K8W,14,13,H,P
7K8W,15,14,H,G
7K8W,16,15,H,A
7K8W,17,16,H,S
7K8W,18,17,H,V
7K8W,19,18,H,K
7K8W,20,19,H,V
7K8W,21,20,H,S
7K8W,22,21,H,C
7K8W,23,22,H,K
7K8W,24,23,H,A
7K8W,25,24,H,S
7K8W,26,25,H,G
7K8W,27,26,H,Y
7K8W,28,27,H,T
7K8W,29,28,H,F
7K8W,30,29,H,T
7K8W,31,30,H,S
7K8W,32,31,H,Y
7K8W,33,32,H,Y
7K8W,34,33,H,M
7K8W,35,34,H,H
7K8W,36,35,H,W
7K8W,37,36,H,V
7K8W,38,37,H,R
7K8W,39,38,H,Q
7K8W,40,39,H,A
7K8W,41,40,H,P
7K8W,42,41,H,G
7K8W,43,42,H,Q
7K8W,44,43,H,G
7K8W,45,44,H,L
7K8W,46,45,H,E
7K8W,47,46,H,W
7K8W,48,47,H,M
7K8W,49,48,H,G
7K8W,50,49,H,I
7K8W,51,50,H,I
7K8W,52,51,H,N
7K8W,52,52,H,P
7K8W,53,53,H,S
7K8W,54,54,H,G
7K8W,55,55,H,G
7K8W,56,56,H,S
7K8W,57,57,H,T
7K8W,58,58,H,S
7K8W,59,59,H,Y
7K8W,60,60,H,A
7K8W,61,61,H,Q
7K8W,62,62,H,K
7K8W,63,63,H,L
7K8W,64,64,H,Q
7K8W,65,65,H,G
7K8W,66,66,H,R
7K8W,67,67,H,V
7K8W,68,68,H,T
7K8W,69,69,H,M
7K8W,70,70,H,T
7K8W,71,71,H,R
7K8W,72,72,H,D
7K8W,73,73,H,T
7K8W,74,74,H,S
7K8W,75,75,H,T
7K8W,76,76,H,S
7K8W,77,77,H,T
7K8W,78,78,H,V
7K8W,79,79,H,Y
7K8W,80,80,H,M
7K8W,81,81,H,E
7K8W,82,82,H,L
7K8W,82,83,H,S
7K8W,82,84,H,S
7K8W,82,85,H,L
7K8W,83,86,H,R
7K8W,84,87,H,S
7K8W,85,88,H,E
7K8W,86,89,H,D
7K8W,87,90,H,T
7K8W,88,91,H,A
7K8W,89,92,H,V
7K8W,90,93,H,Y
7K8W,91,94,H,Y
7K8W,92,95,H,C
7K8W,93,96,H,A
7K8W,94,97,H,R
7K8W,95,98,H,A
7K8W,96,99,H,N
7K8W,97,100,H,H
7K8W,98,101,H,E
7K8W,99,102,H,T
7K8W,100,103,H,T
7K8W,100,104,H,M
7K8W,100,105,H,D
7K8W,100,106,H,T
7K8W,100,107,H,Y
7K8W,100,108,H,Y
7K8W,100,109,H,Y
7K8W,100,110,H,Y
7K8W,100,111,H,Y
7K8W,100,112,H,Y
7K8W,100,113,H,M
7K8W,101,114,H,D
7K8W,102,115,H,V
7K8W,103,116,H,W
7K8W,104,117,H,G
7K8W,105,118,H,K
7K8W,106,119,H,G
7K8W,107,120,H,T
7K8W,108,121,H,T
7K8W,109,122,H,V
7K8W,110,123,H,T
7K8W,111,124,H,V
7K8W,112,125,H,S
7K8W,,126,H,S
7K8W,,127,H,A
7K8W,,128,H,S
7K8W,,129,H,T
7K8W,,130,H,K
7K8W,,131,H,G
7K8W,,132,H,P
7K8W,,133,H,S
7K8W,,134,H,V
7K8W,,135,H,F
7K8W,,136,H,P
7K8W,,137,H,L
7K8W,,138,H,A
7K8W,,139,H,P
7K8W,,140,H,S
7K8W,,141,H,S
7K8W,,142,H,K
7K8W,,143,H,S
7K8W,,144,H,T
7K8W,,145,H,S
7K8W,,146,H,G
7K8W,,147,H,G
7K8W,,148,H,T
7K8W,,149,H,A
7K8W,,150,H,A
7K8W,,151,H,L
7K8W,,152,H,G
7K8W,,153,H,C
7K8W,,154,H,L
7K8W,,155,H,V
7K8W,,156,H,K
7K8W,,157,H,D
7K8W,,158,H,Y
7K8W,,159,H,F
7K8W,,160,H,P
7K8W,,161,H,E
7K8W,,162,H,P
7K8W,,163,H,V
7K8W,,164,H,T
7K8W,,165,H,V
7K8W,,166,H,S
7K8W,,167,H,W
7K8W,,168,H,N
7K8W,,169,H,S
7K8W,,170,H,G
7K8W,,171,H,A
7K8W,,172,H,L
7K8W,,173,H,T
7K8W,,174,H,S
7K8W,,175,H,G
7K8W,,176,H,V
7K8W,,177,H,H
7K8W,,178,H,T
7K8W,,179,H,F
7K8W,,180,H,P
7K8W,,181,H,A
7K8W,,182,H,V
7K8W,,183,H,L
7K8W,,184,H,Q
7K8W,,185,H,S
7K8W,,186,H,S
7K8W,,187,H,G
7K8W,,188,H,L
7K8W,,189,H,Y
7K8W,,190,H,S
7K8W,,191,H,L
7K8W,,192,H,S
7K8W,,193,H,S
7K8W,,194,H,V
7K8W,,195,H,V
7K8W,,196,H,T
7K8W,,197,H,V
7K8W,,198,H,P
7K8W,,199,H,S
7K8W,,200,H,S
7K8W,,201,H,S
7K8W,,202,H,L
7K8W,,203,H,G
7K8W,,204,H,T
7K8W,,205,H,Q
7K8W,,206,H,T
7K8W,,207,H,Y
7K8W,,208,H,I
7K8W,,209,H,C
7K8W,,210,H,N
7K8W,,211,H,V
7K8W,,212,H,N
7K8W,,213,H,H
7K8W,,214,H,K
7K8W,,215,H,P
7K8W,,216,H,S
7K8W,,217,H,N
7K8W,,218,H,T
7K8W,,219,H,K
7K8W,,220,H,V
7K8W,,221,H,D
7K8W,,222,H,K
7K8W,,223,H,R
7K8W,,224,H,V
7K8W,,225,H,E
7K8W,,226,H,P
7K8W,,227,H,K
7K8W,,228,H,S
7K8W,,229,H,C
7K8W,,230,H,D
7K8W,,231,H,K
7K8W,,232,H,T
7K8W,,233,H,H
7K8W,,234,H,H
7K8W,,235,H,H
7K8W,,236,H,H
7K8W,,237,H,H
7K8W,,238,H,H
7K8W,1,0,L,Q
7K8W,2,1,L,S
7K8W,3,2,L,A
7K8W,4,3,L,L
7K8W,5,4,L,T
7K8W,6,5,L,Q
7K8W,7,6,L,P
7K8W,8,7,L,A
7K8W,9,8,L,S
7K8W,10,9,L,V
7K8W,11,10,L,S
7K8W,12,11,L,G
7K8W,13,12,L,S
7K8W,14,13,L,P
7K8W,15,14,L,G
7K8W,16,15,L,Q
7K8W,17,16,L,S
7K8W,18,17,L,I
7K8W,19,18,L,T
7K8W,20,19,L,I
7K8W,21,20,L,S
7K8W,22,21,L,C
7K8W,23,22,L,T
7K8W,24,23,L,G
7K8W,25,24,L,T
7K8W,26,25,L,S
7K8W,27,26,L,S
7K8W,27,27,L,D
7K8W,27,28,L,V
7K8W,27,29,L,G
7K8W,28,30,L,G
7K8W,29,31,L,Y
7K8W,30,32,L,K
7K8W,31,33,L,Y
7K8W,32,34,L,V
7K8W,33,35,L,S
7K8W,34,36,L,W
7K8W,35,37,L,Y
7K8W,36,38,L,Q
7K8W,37,39,L,R
7K8W,38,40,L,H
7K8W,39,41,L,P
7K8W,40,42,L,G
7K8W,41,43,L,K
7K8W,42,44,L,A
7K8W,43,45,L,P
7K8W,44,46,L,K
7K8W,45,47,L,L
7K8W,46,48,L,M
7K8W,47,49,L,I
7K8W,48,50,L,Y
7K8W,49,51,L,D
7K8W,50,52,L,V
7K8W,51,53,L,S
7K8W,52,54,L,N
7K8W,53,55,L,R
7K8W,54,56,L,P
7K8W,55,57,L,S
7K8W,56,58,L,G
7K8W,57,59,L,V
7K8W,58,60,L,S
7K8W,59,61,L,N
7K8W,60,62,L,R
7K8W,61,63,L,F
7K8W,62,64,L,S
7K8W,63,65,L,G
7K8W,64,66,L,S
7K8W,65,67,L,K
7K8W,66,68,L,S
7K8W,67,69,L,G
7K8W,68,70,L,N
7K8W,69,71,L,T
7K8W,70,72,L,A
7K8W,71,73,L,S
7K8W,72,74,L,L
7K8W,73,75,L,T
7K8W,74,76,L,I
7K8W,75,77,L,S
7K8W,76,78,L,G
7K8W,77,79,L,L
7K8W,78,80,L,Q
7K8W,79,81,L,A
7K8W,80,82,L,E
7K8W,81,83,L,D
7K8W,82,84,L,E
7K8W,83,85,L,A
7K8W,84,86,L,D
7K8W,85,87,L,Y
7K8W,86,88,L,Y
7K8W,87,89,L,C
7K8W,88,90,L,S
7K8W,89,91,L,S
7K8W,90,92,L,Y
7K8W,91,93,L,T
7K8W,92,94,L,S
7K8W,93,95,L,S
7K8W,94,96,L,S
7K8W,95,97,L,T
7K8W,95,98,L,S
7K8W,95,99,L,V
7K8W,96,100,L,V
7K8W,97,101,L,F
7K8W,98,102,L,G
7K8W,99,103,L,G
7K8W,100,104,L,G
7K8W,101,105,L,T
7K8W,102,106,L,Q
7K8W,103,107,L,L
7K8W,104,108,L,T
7K8W,105,109,L,V
7K8W,106,110,L,L
7K8W,,111,L,G
7K8W,,112,L,Q
7K8W,,113,L,P
7K8W,,114,L,K
7K8W,,115,L,A
7K8W,,116,L,A
7K8W,,117,L,P
7K8W,,118,L,S
7K8W,,119,L,V
7K8W,,120,L,T
7K8W,,121,L,L
7K8W,,122,L,F
7K8W,,123,L,P
7K8W,,124,L,P
7K8W,,125,L,S
7K8W,,126,L,S
7K8W,,127,L,E
7K8W,,128,L,E
7K8W,,129,L,L
7K8W,,130,L,Q
7K8W,,131,L,A
7K8W,,132,L,N
7K8W,,133,L,K
7K8W,,134,L,A
7K8W,,135,L,T
7K8W,,136,L,L
7K8W,,137,L,V
7K8W,,138,L,C
7K8W,,139,L,L
7K8W,,140,L,I
7K8W,,141,L,S
7K8W,,142,L,D
7K8W,,143,L,F
7K8W,,144,L,Y
7K8W,,145,L,P
7K8W,,146,L,G
7K8W,,147,L,A
7K8W,,148,L,V
7K8W,,149,L,T
7K8W,,150,L,V
7K8W,,151,L,A
7K8W,,152,L,W
7K8W,,153,L,K
7K8W,,154,L,A
7K8W,,155,L,D
7K8W,,156,L,S
7K8W,,157,L,S
7K8W,,158,L,P
7K8W,,159,L,V
7K8W,,160,L,K
7K8W,,161,L,A
7K8W,,162,L,G
7K8W,,163,L,V
7K8W,,164,L,E
7K8W,,165,L,T
7K8W,,166,L,T
7K8W,,167,L,T
7K8W,,168,L,P
7K8W,,169,L,S
7K8W,,170,L,K
7K8W,,171,L,Q
7K8W,,172,L,S
7K8W,,173,L,N
7K8W,,174,L,N
7K8W,,175,L,K
7K8W,,176,L,Y
7K8W,,177,L,A
7K8W,,178,L,A
7K8W,,179,L,S
7K8W,,180,L,S
7K8W,,181,L,Y
7K8W,,182,L,L
7K8W,,183,L,S
7K8W,,184,L,L
7K8W,,185,L,T
7K8W,,186,L,P
7K8W,,187,L,E
7K8W,,188,L,Q
7K8W,,189,L,W
7K8W,,190,L,K
7K8W,,191,L,S
7K8W,,192,L,H
7K8W,,193,L,R
7K8W,,194,L,S
7K8W,,195,L,Y
7K8W,,196,L,S
7K8W,,197,L,C
7K8W,,198,L,Q
7K8W,,199,L,V
7K8W,,200,L,T
7K8W,,201,L,H
7K8W,,202,L,E
7K8W,,203,L,G
7K8W,,204,L,S
7K8W,,205,L,T
7K8W,,206,L,V
7K8W,,207,L,E
7K8W,,208,L,K
7K8W,,209,L,T
7K8W,,210,L,V
7K8W,,211,L,A
7K8W,,212,L,P
7K8W,,213,L,T
7K8W,,214,L,E
7K8W,,215,L,C
7K8W,,216,L,S
