pdb,pdb_location,fasta_location,chain,aa,antibody_id
7JMP,,0,H,Q,COVA2-39
7JMP,2,1,H,V,COVA2-39
7JMP,3,2,H,Q,COVA2-39
7JMP,4,3,H,L,COVA2-39
7JMP,5,4,H,V,COVA2-39
7JMP,6,5,H,E,COVA2-39
7JMP,7,6,H,T,COVA2-39
7JMP,8,7,H,G,COVA2-39
7JMP,9,8,H,G,COVA2-39
7JMP,10,9,H,G,COVA2-39
7JMP,11,10,H,L,COVA2-39
7JMP,12,11,H,I,COVA2-39
7JMP,13,12,H,Q,COVA2-39
7JMP,14,13,H,P,COVA2-39
7JMP,15,14,H,G,COVA2-39
7JMP,16,15,H,G,COVA2-39
7JMP,17,16,H,S,COVA2-39
7JMP,18,17,H,L,COVA2-39
7JMP,19,18,H,R,COVA2-39
7JMP,20,19,H,L,COVA2-39
7JMP,21,20,H,S,COVA2-39
7JMP,22,21,H,C,COVA2-39
7JMP,23,22,H,A,COVA2-39
7JMP,24,23,H,A,COVA2-39
7JMP,25,24,H,S,COVA2-39
7JMP,26,25,H,G,COVA2-39
7JMP,27,26,H,F,COVA2-39
7JMP,28,27,H,T,COVA2-39
7JMP,29,28,H,V,COVA2-39
7JMP,30,29,H,S,COVA2-39
7JMP,31,30,H,S,COVA2-39
7JMP,32,31,H,N,COVA2-39
7JMP,33,32,H,Y,COVA2-39
7JMP,34,33,H,M,COVA2-39
7JMP,35,34,H,S,COVA2-39
7JMP,36,35,H,W,COVA2-39
7JMP,37,36,H,V,COVA2-39
7JMP,38,37,H,R,COVA2-39
7JMP,39,38,H,Q,COVA2-39
7JMP,40,39,H,A,COVA2-39
7JMP,41,40,H,P,COVA2-39
7JMP,42,41,H,G,COVA2-39
7JMP,43,42,H,K,COVA2-39
7JMP,44,43,H,G,COVA2-39
7JMP,45,44,H,L,COVA2-39
7JMP,46,45,H,E,COVA2-39
7JMP,47,46,H,W,COVA2-39
7JMP,48,47,H,V,COVA2-39
7JMP,49,48,H,S,COVA2-39
7JMP,50,49,H,V,COVA2-39
7JMP,51,50,H,I,COVA2-39
7JMP,52,51,H,Y,COVA2-39
7JMP,53,52,H,T,COVA2-39
7JMP,54,53,H,G,COVA2-39
7JMP,55,54,H,G,COVA2-39
7JMP,56,55,H,T,COVA2-39
7JMP,57,56,H,T,COVA2-39
7JMP,58,57,H,Y,COVA2-39
7JMP,59,58,H,Y,COVA2-39
7JMP,60,59,H,A,COVA2-39
7JMP,61,60,H,D,COVA2-39
7JMP,62,61,H,S,COVA2-39
7JMP,63,62,H,V,COVA2-39
7JMP,64,63,H,K,COVA2-39
7JMP,65,64,H,G,COVA2-39
7JMP,66,65,H,R,COVA2-39
7JMP,67,66,H,F,COVA2-39
7JMP,68,67,H,T,COVA2-39
7JMP,69,68,H,I,COVA2-39
7JMP,70,69,H,S,COVA2-39
7JMP,71,70,H,R,COVA2-39
7JMP,72,71,H,D,COVA2-39
7JMP,73,72,H,N,COVA2-39
7JMP,74,73,H,S,COVA2-39
7JMP,75,74,H,K,COVA2-39
7JMP,76,75,H,N,COVA2-39
7JMP,77,76,H,T,COVA2-39
7JMP,78,77,H,L,COVA2-39
7JMP,79,78,H,Y,COVA2-39
7JMP,80,79,H,L,COVA2-39
7JMP,81,80,H,Q,COVA2-39
7JMP,82,81,H,M,COVA2-39
7JMP,82,82,H,N,COVA2-39
7JMP,82,83,H,S,COVA2-39
7JMP,82,84,H,L,COVA2-39
7JMP,83,85,H,R,COVA2-39
7JMP,84,86,H,A,COVA2-39
7JMP,85,87,H,E,COVA2-39
7JMP,86,88,H,D,COVA2-39
7JMP,87,89,H,T,COVA2-39
7JMP,88,90,H,A,COVA2-39
7JMP,89,91,H,V,COVA2-39
7JMP,90,92,H,Y,COVA2-39
7JMP,91,93,H,Y,COVA2-39
7JMP,92,94,H,C,COVA2-39
7JMP,93,95,H,A,COVA2-39
7JMP,94,96,H,R,COVA2-39
7JMP,95,97,H,A,COVA2-39
7JMP,96,98,H,H,COVA2-39
7JMP,97,99,H,V,COVA2-39
7JMP,98,100,H,D,COVA2-39
7JMP,99,101,H,T,COVA2-39
7JMP,100,102,H,A,COVA2-39
7JMP,100,103,H,M,COVA2-39
7JMP,100,104,H,V,COVA2-39
7JMP,100,105,H,E,COVA2-39
7JMP,100,106,H,S,COVA2-39
7JMP,100,107,H,G,COVA2-39
7JMP,100,108,H,A,COVA2-39
7JMP,100,109,H,F,COVA2-39
7JMP,101,110,H,D,COVA2-39
7JMP,102,111,H,I,COVA2-39
7JMP,103,112,H,W,COVA2-39
7JMP,104,113,H,G,COVA2-39
7JMP,105,114,H,Q,COVA2-39
7JMP,106,115,H,G,COVA2-39
7JMP,107,116,H,T,COVA2-39
7JMP,108,117,H,R,COVA2-39
7JMP,109,118,H,V,COVA2-39
7JMP,110,119,H,T,COVA2-39
7JMP,111,120,H,V,COVA2-39
7JMP,112,121,H,S,COVA2-39
7JMP,113,122,H,S,COVA2-39
7JMP,114,123,H,A,COVA2-39
7JMP,115,124,H,S,COVA2-39
7JMP,116,125,H,T,COVA2-39
7JMP,117,126,H,K,COVA2-39
7JMP,118,127,H,G,COVA2-39
7JMP,119,128,H,P,COVA2-39
7JMP,120,129,H,S,COVA2-39
7JMP,121,130,H,V,COVA2-39
7JMP,122,131,H,F,COVA2-39
7JMP,123,132,H,P,COVA2-39
7JMP,124,133,H,L,COVA2-39
7JMP,125,134,H,A,COVA2-39
7JMP,126,135,H,P,COVA2-39
7JMP,127,136,H,S,COVA2-39
7JMP,128,137,H,S,COVA2-39
7JMP,129,138,H,K,COVA2-39
7JMP,130,139,H,S,COVA2-39
7JMP,131,140,H,T,COVA2-39
7JMP,132,141,H,S,COVA2-39
7JMP,133,142,H,G,COVA2-39
7JMP,134,143,H,G,COVA2-39
7JMP,135,144,H,T,COVA2-39
7JMP,136,145,H,A,COVA2-39
7JMP,137,146,H,A,COVA2-39
7JMP,138,147,H,L,COVA2-39
7JMP,139,148,H,G,COVA2-39
7JMP,140,149,H,C,COVA2-39
7JMP,141,150,H,L,COVA2-39
7JMP,142,151,H,V,COVA2-39
7JMP,143,152,H,K,COVA2-39
7JMP,144,153,H,D,COVA2-39
7JMP,145,154,H,Y,COVA2-39
7JMP,146,155,H,F,COVA2-39
7JMP,147,156,H,P,COVA2-39
7JMP,148,157,H,E,COVA2-39
7JMP,149,158,H,P,COVA2-39
7JMP,150,159,H,V,COVA2-39
7JMP,151,160,H,T,COVA2-39
7JMP,152,161,H,V,COVA2-39
7JMP,153,162,H,S,COVA2-39
7JMP,154,163,H,W,COVA2-39
7JMP,155,164,H,N,COVA2-39
7JMP,156,165,H,S,COVA2-39
7JMP,157,166,H,G,COVA2-39
7JMP,158,167,H,A,COVA2-39
7JMP,159,168,H,L,COVA2-39
7JMP,160,169,H,T,COVA2-39
7JMP,161,170,H,S,COVA2-39
7JMP,162,171,H,G,COVA2-39
7JMP,163,172,H,V,COVA2-39
7JMP,164,173,H,H,COVA2-39
7JMP,165,174,H,T,COVA2-39
7JMP,166,175,H,F,COVA2-39
7JMP,167,176,H,P,COVA2-39
7JMP,168,177,H,A,COVA2-39
7JMP,169,178,H,V,COVA2-39
7JMP,170,179,H,L,COVA2-39
7JMP,171,180,H,Q,COVA2-39
7JMP,172,181,H,S,COVA2-39
7JMP,173,182,H,S,COVA2-39
7JMP,174,183,H,G,COVA2-39
7JMP,175,184,H,L,COVA2-39
7JMP,176,185,H,Y,COVA2-39
7JMP,177,186,H,S,COVA2-39
7JMP,178,187,H,L,COVA2-39
7JMP,179,188,H,S,COVA2-39
7JMP,180,189,H,S,COVA2-39
7JMP,181,190,H,V,COVA2-39
7JMP,182,191,H,V,COVA2-39
7JMP,183,192,H,T,COVA2-39
7JMP,184,193,H,V,COVA2-39
7JMP,185,194,H,P,COVA2-39
7JMP,186,195,H,S,COVA2-39
7JMP,187,196,H,S,COVA2-39
7JMP,188,197,H,S,COVA2-39
7JMP,189,198,H,L,COVA2-39
7JMP,190,199,H,G,COVA2-39
7JMP,191,200,H,T,COVA2-39
7JMP,192,201,H,Q,COVA2-39
7JMP,193,202,H,T,COVA2-39
7JMP,194,203,H,Y,COVA2-39
7JMP,195,204,H,I,COVA2-39
7JMP,196,205,H,C,COVA2-39
7JMP,197,206,H,N,COVA2-39
7JMP,198,207,H,V,COVA2-39
7JMP,199,208,H,N,COVA2-39
7JMP,200,209,H,H,COVA2-39
7JMP,201,210,H,K,COVA2-39
7JMP,202,211,H,P,COVA2-39
7JMP,203,212,H,S,COVA2-39
7JMP,204,213,H,N,COVA2-39
7JMP,205,214,H,T,COVA2-39
7JMP,206,215,H,K,COVA2-39
7JMP,207,216,H,V,COVA2-39
7JMP,208,217,H,D,COVA2-39
7JMP,209,218,H,K,COVA2-39
7JMP,210,219,H,R,COVA2-39
7JMP,211,220,H,V,COVA2-39
7JMP,212,221,H,E,COVA2-39
7JMP,213,222,H,P,COVA2-39
7JMP,214,223,H,K,COVA2-39
7JMP,,224,H,S,COVA2-39
7JMP,,225,H,C,COVA2-39
7JMP,,226,H,H,COVA2-39
7JMP,,227,H,H,COVA2-39
7JMP,,228,H,H,COVA2-39
7JMP,,229,H,H,COVA2-39
7JMP,,230,H,H,COVA2-39
7JMP,,231,H,H,COVA2-39
7JMP,,0,L,Q,COVA2-39
7JMP,,1,L,S,COVA2-39
7JMP,3,2,L,A,COVA2-39
7JMP,4,3,L,L,COVA2-39
7JMP,5,4,L,T,COVA2-39
7JMP,6,5,L,Q,COVA2-39
7JMP,7,6,L,P,COVA2-39
7JMP,8,7,L,A,COVA2-39
7JMP,9,8,L,S,COVA2-39
7JMP,11,9,L,V,COVA2-39
7JMP,12,10,L,S,COVA2-39
7JMP,13,11,L,G,COVA2-39
7JMP,14,12,L,S,COVA2-39
7JMP,15,13,L,P,COVA2-39
7JMP,16,14,L,G,COVA2-39
7JMP,17,15,L,Q,COVA2-39
7JMP,18,16,L,S,COVA2-39
7JMP,19,17,L,I,COVA2-39
7JMP,20,18,L,T,COVA2-39
7JMP,21,19,L,I,COVA2-39
7JMP,22,20,L,S,COVA2-39
7JMP,23,21,L,C,COVA2-39
7JMP,24,22,L,T,COVA2-39
7JMP,25,23,L,G,COVA2-39
7JMP,26,24,L,T,COVA2-39
7JMP,27,25,L,S,COVA2-39
7JMP,27,26,L,S,COVA2-39
7JMP,27,27,L,D,COVA2-39
7JMP,27,28,L,V,COVA2-39
7JMP,28,29,L,G,COVA2-39
7JMP,29,30,L,S,COVA2-39
7JMP,30,31,L,Y,COVA2-39
7JMP,31,32,L,N,COVA2-39
7JMP,32,33,L,L,COVA2-39
7JMP,33,34,L,V,COVA2-39
7JMP,34,35,L,S,COVA2-39
7JMP,35,36,L,W,COVA2-39
7JMP,36,37,L,Y,COVA2-39
7JMP,37,38,L,Q,COVA2-39
7JMP,38,39,L,Q,COVA2-39
7JMP,39,40,L,H,COVA2-39
7JMP,40,41,L,P,COVA2-39
7JMP,41,42,L,G,COVA2-39
7JMP,42,43,L,K,COVA2-39
7JMP,43,44,L,A,COVA2-39
7JMP,44,45,L,P,COVA2-39
7JMP,45,46,L,K,COVA2-39
7JMP,46,47,L,L,COVA2-39
7JMP,47,48,L,M,COVA2-39
7JMP,48,49,L,I,COVA2-39
7JMP,49,50,L,Y,COVA2-39
7JMP,50,51,L,E,COVA2-39
7JMP,51,52,L,V,COVA2-39
7JMP,52,53,L,T,COVA2-39
7JMP,53,54,L,K,COVA2-39
7JMP,54,55,L,R,COVA2-39
7JMP,55,56,L,P,COVA2-39
7JMP,56,57,L,S,COVA2-39
7JMP,57,58,L,G,COVA2-39
7JMP,58,59,L,V,COVA2-39
7JMP,59,60,L,S,COVA2-39
7JMP,60,61,L,N,COVA2-39
7JMP,61,62,L,R,COVA2-39
7JMP,62,63,L,F,COVA2-39
7JMP,63,64,L,S,COVA2-39
7JMP,64,65,L,G,COVA2-39
7JMP,65,66,L,S,COVA2-39
7JMP,66,67,L,K,COVA2-39
7JMP,67,68,L,S,COVA2-39
7JMP,68,69,L,G,COVA2-39
7JMP,69,70,L,N,COVA2-39
7JMP,70,71,L,T,COVA2-39
7JMP,71,72,L,A,COVA2-39
7JMP,72,73,L,S,COVA2-39
7JMP,73,74,L,L,COVA2-39
7JMP,74,75,L,T,COVA2-39
7JMP,75,76,L,I,COVA2-39
7JMP,76,77,L,S,COVA2-39
7JMP,77,78,L,G,COVA2-39
7JMP,78,79,L,L,COVA2-39
7JMP,79,80,L,Q,COVA2-39
7JMP,80,81,L,A,COVA2-39
7JMP,81,82,L,E,COVA2-39
7JMP,82,83,L,D,COVA2-39
7JMP,83,84,L,E,COVA2-39
7JMP,84,85,L,A,COVA2-39
7JMP,85,86,L,D,COVA2-39
7JMP,86,87,L,Y,COVA2-39
7JMP,87,88,L,Y,COVA2-39
7JMP,88,89,L,C,COVA2-39
7JMP,89,90,L,C,COVA2-39
7JMP,90,91,L,S,COVA2-39
7JMP,91,92,L,Y,COVA2-39
7JMP,92,93,L,A,COVA2-39
7JMP,93,94,L,G,COVA2-39
7JMP,94,95,L,S,COVA2-39
7JMP,95,96,L,S,COVA2-39
7JMP,95,97,L,T,COVA2-39
7JMP,96,98,L,W,COVA2-39
7JMP,97,99,L,V,COVA2-39
7JMP,98,100,L,F,COVA2-39
7JMP,99,101,L,G,COVA2-39
7JMP,100,102,L,G,COVA2-39
7JMP,101,103,L,G,COVA2-39
7JMP,102,104,L,T,COVA2-39
7JMP,103,105,L,K,COVA2-39
7JMP,104,106,L,L,COVA2-39
7JMP,105,107,L,T,COVA2-39
7JMP,106,108,L,V,COVA2-39
7JMP,106,109,L,L,COVA2-39
7JMP,107,110,L,G,COVA2-39
7JMP,108,111,L,Q,COVA2-39
7JMP,109,112,L,P,COVA2-39
7JMP,110,113,L,K,COVA2-39
7JMP,111,114,L,A,COVA2-39
7JMP,112,115,L,A,COVA2-39
7JMP,113,116,L,P,COVA2-39
7JMP,114,117,L,S,COVA2-39
7JMP,115,118,L,V,COVA2-39
7JMP,116,119,L,T,COVA2-39
7JMP,117,120,L,L,COVA2-39
7JMP,118,121,L,F,COVA2-39
7JMP,119,122,L,P,COVA2-39
7JMP,120,123,L,P,COVA2-39
7JMP,121,124,L,S,COVA2-39
7JMP,122,125,L,S,COVA2-39
7JMP,123,126,L,E,COVA2-39
7JMP,124,127,L,E,COVA2-39
7JMP,125,128,L,L,COVA2-39
7JMP,126,129,L,Q,COVA2-39
7JMP,127,130,L,A,COVA2-39
7JMP,128,131,L,N,COVA2-39
7JMP,129,132,L,K,COVA2-39
7JMP,130,133,L,A,COVA2-39
7JMP,131,134,L,T,COVA2-39
7JMP,132,135,L,L,COVA2-39
7JMP,133,136,L,V,COVA2-39
7JMP,134,137,L,C,COVA2-39
7JMP,135,138,L,L,COVA2-39
7JMP,136,139,L,I,COVA2-39
7JMP,137,140,L,S,COVA2-39
7JMP,138,141,L,D,COVA2-39
7JMP,139,142,L,F,COVA2-39
7JMP,140,143,L,Y,COVA2-39
7JMP,141,144,L,P,COVA2-39
7JMP,142,145,L,G,COVA2-39
7JMP,143,146,L,A,COVA2-39
7JMP,144,147,L,V,COVA2-39
7JMP,145,148,L,T,COVA2-39
7JMP,146,149,L,V,COVA2-39
7JMP,147,150,L,A,COVA2-39
7JMP,148,151,L,W,COVA2-39
7JMP,149,152,L,K,COVA2-39
7JMP,150,153,L,A,COVA2-39
7JMP,151,154,L,D,COVA2-39
7JMP,152,155,L,S,COVA2-39
7JMP,153,156,L,S,COVA2-39
7JMP,154,157,L,P,COVA2-39
7JMP,155,158,L,V,COVA2-39
7JMP,156,159,L,K,COVA2-39
7JMP,157,160,L,A,COVA2-39
7JMP,158,161,L,G,COVA2-39
7JMP,159,162,L,V,COVA2-39
7JMP,160,163,L,E,COVA2-39
7JMP,161,164,L,T,COVA2-39
7JMP,162,165,L,T,COVA2-39
7JMP,163,166,L,T,COVA2-39
7JMP,164,167,L,P,COVA2-39
7JMP,165,168,L,S,COVA2-39
7JMP,166,169,L,K,COVA2-39
7JMP,167,170,L,Q,COVA2-39
7JMP,168,171,L,S,COVA2-39
7JMP,169,172,L,N,COVA2-39
7JMP,170,173,L,N,COVA2-39
7JMP,171,174,L,K,COVA2-39
7JMP,172,175,L,Y,COVA2-39
7JMP,173,176,L,A,COVA2-39
7JMP,174,177,L,A,COVA2-39
7JMP,175,178,L,S,COVA2-39
7JMP,176,179,L,S,COVA2-39
7JMP,177,180,L,Y,COVA2-39
7JMP,178,181,L,L,COVA2-39
7JMP,179,182,L,S,COVA2-39
7JMP,180,183,L,L,COVA2-39
7JMP,181,184,L,T,COVA2-39
7JMP,182,185,L,P,COVA2-39
7JMP,183,186,L,E,COVA2-39
7JMP,184,187,L,Q,COVA2-39
7JMP,185,188,L,W,COVA2-39
7JMP,186,189,L,K,COVA2-39
7JMP,187,190,L,S,COVA2-39
7JMP,188,191,L,H,COVA2-39
7JMP,189,192,L,R,COVA2-39
7JMP,190,193,L,S,COVA2-39
7JMP,191,194,L,Y,COVA2-39
7JMP,192,195,L,S,COVA2-39
7JMP,193,196,L,C,COVA2-39
7JMP,194,197,L,Q,COVA2-39
7JMP,195,198,L,V,COVA2-39
7JMP,196,199,L,T,COVA2-39
7JMP,197,200,L,H,COVA2-39
7JMP,198,201,L,E,COVA2-39
7JMP,199,202,L,G,COVA2-39
7JMP,200,203,L,S,COVA2-39
7JMP,201,204,L,T,COVA2-39
7JMP,202,205,L,V,COVA2-39
7JMP,203,206,L,E,COVA2-39
7JMP,204,207,L,K,COVA2-39
7JMP,205,208,L,T,COVA2-39
7JMP,206,209,L,V,COVA2-39
7JMP,207,210,L,A,COVA2-39
7JMP,208,211,L,P,COVA2-39
7JMP,209,212,L,T,COVA2-39
7JMP,,213,L,E,COVA2-39
7JMP,,214,L,C,COVA2-39
7JMP,,215,L,S,COVA2-39
