,antibody_id,location,chain,aa_x,wild_type,coefficient,pdb,pdb_location,fasta_location,aa_y,aa_three,wt_pdb_foldx,wt_pdb,mut
0,C105,26,H,F,True,257.14953417476096,6XCM,27.0,26.0,F,PHE,FH27a,FH27,FH27F
1,C105,57,H,Y,True,116.54090920480982,6XCM,58.0,57.0,Y,TYR,YH58a,YH58,YH58Y
4,C105,54,H,G,True,1.4928217396131153e-07,6XCM,55.0,54.0,G,GLY,GH55a,GH55,GH55G
5,C105,27,H,T,True,1.391688364547016e-07,6XCM,28.0,27.0,T,THR,TH28a,TH28,TH28T
6,C105,25,H,G,True,6.78803582268433e-08,6XCM,26.0,25.0,G,GLY,GH26a,GH26,GH26G
7,C105,95,H,A,True,6.647339117400662e-08,6XCM,93.0,95.0,A,ALA,AH93a,AH93,AH93A
8,C105,59,H,A,True,2.8551020624424214e-08,6XCM,60.0,59.0,A,ALA,AH60a,AH60,AH60A
10,C105,34,H,S,True,1.3921456225450633e-08,6XCM,35.0,34.0,S,SER,SH35a,SH35,SH35S
11,C105,97,H,G,True,1.3161238151827297e-08,6XCM,95.0,97.0,G,GLY,GH95a,GH95,GH95G
13,C105,6,H,S,True,1.1680860781509052e-08,6XCM,7.0,6.0,S,SER,SH7a,SH7,SH7S
14,C105,68,H,I,True,1.0642142370328005e-08,6XCM,69.0,68.0,I,ILE,IH69a,IH69,IH69I
15,C105,99,H,D,False,-1.0010369893816092e-08,6XCM,97.0,99.0,G,GLY,GH97a,GH97,GH97D
16,C105,68,H,F,False,-1.0629909679196946e-08,6XCM,69.0,68.0,I,ILE,IH69a,IH69,IH69F
17,C105,6,H,T,False,-1.1669619174765595e-08,6XCM,7.0,6.0,S,SER,SH7a,SH7,SH7T
21,C105,34,H,N,False,-1.396083971214459e-08,6XCM,35.0,34.0,S,SER,SH35a,SH35,SH35N
22,C105,49,H,L,False,-1.5262811968885534e-08,6XCM,50.0,49.0,V,VAL,VH50a,VH50,VH50L
24,C105,97,H,A,False,-1.6615243851781465e-08,6XCM,95.0,97.0,G,GLY,GH95a,GH95,GH95A
25,C105,30,H,R,False,-1.953593363433441e-08,6XCM,31.0,30.0,S,SER,SH31a,SH31,SH31R
27,C105,52,H,P,False,-2.3025125443149354e-08,6XCM,53.0,52.0,S,SER,SH53a,SH53,SH53P
29,C105,86,H,L,False,-2.6019887594207123e-08,6XCM,84.0,86.0,A,ALA,AH84a,AH84,AH84L
30,C105,29,H,N,False,-2.6019887594207123e-08,6XCM,30.0,29.0,S,SER,SH30a,SH30,SH30N
36,C105,98,H,L,False,-3.374288257101836e-08,6XCM,96.0,98.0,E,GLU,EH96a,EH96,EH96L
37,C105,59,H,T,False,-3.635572245254877e-08,6XCM,60.0,59.0,A,ALA,AH60a,AH60,AH60T
39,C105,99,H,F,False,-5.8422210051078846e-08,6XCM,97.0,99.0,G,GLY,GH97a,GH97,GH97F
40,C105,95,H,V,False,-6.643217233890026e-08,6XCM,93.0,95.0,A,ALA,AH93a,AH93,AH93V
41,C105,25,H,E,False,-6.777736111796712e-08,6XCM,26.0,25.0,G,GLY,GH26a,GH26,GH26E
42,C105,97,H,E,False,-1.0127741338656713e-07,6XCM,95.0,97.0,G,GLY,GH95a,GH95,GH95E
44,C105,99,H,M,False,-1.4869915365025457e-07,6XCM,97.0,99.0,G,GLY,GH97a,GH97,GH97M
46,C105,54,H,Y,False,-1.4890213232577874e-07,6XCM,55.0,54.0,G,GLY,GH55a,GH55,GH55Y
49,C105,57,H,F,False,-7.116530930935336,6XCM,58.0,57.0,Y,TYR,YH58a,YH58,YH58F
50,C105,26,H,L,False,-7.701108898221609,6XCM,27.0,26.0,F,PHE,FH27a,FH27,FH27L
54,C105,98,H,G,False,-150.8967335271435,6XCM,96.0,98.0,E,GLU,EH96a,EH96,EH96G
55,C105,27,H,I,False,-173.65518689450974,6XCM,28.0,27.0,T,THR,TH28a,TH28,TH28I
57,C105,97,H,V,False,-209.41936498798168,6XCM,95.0,97.0,G,GLY,GH95a,GH95,GH95V
