mAb_or_plasma,mutation,p2,p3,p4
C121,E484K,"0.5; 0.39",,
C121,F490L,0.23,,
C121,Q493K,"0.12; 0.45",,
C135,N440K,"0.31; 0.3",,
C135,R346S,"0.3; 0.17",,
C135,R346K,"0.22; 0.53",,
C135,R346M,0.16,,
C144,E484K,"0.44; 0.18",,
C144,Q493K,"0.31; 0.39",,
C144,Q493R,"0.17; 0.37",,
COV47,N148S,"0.16; 0.14","0.29; 0.3","0.72; 0.14"
COV47,K150R,0.1,,0.18
COV47,K150E,0.04,0.16,0.4
COV47,K150T,,,0.22
COV47,K150Q,,0.16,0.22
COV47,S151P,0.1,0.18,0.2
COV-NY,K444R,"0.2; 0.19",,
COV-NY,K444N,0.14,,
COV-NY,K444Q,0.33,,
COV-NY,V445E,0.18,,
